{"stats":{"minecraft:used":{"minecraft:flint_and_steel":5,"minecraft:spruce_slab":33,"minecraft:ladder":20,"cataclysm:ender_golem_spawn_egg":1,"minecraft:spruce_planks":25,"minecraft:chest":1,"tconstruct:excavator":45,"minecraft:stone":119,"minecraft:iron_sword":82,"minecraft:structure_block":10,"grimoireofgaia:cobblestone_golem_spawn_egg":1,"minecraft:torch":4,"minecraft:dirt":33,"minecraft:jungle_planks":21,"minecraft:stone_stairs":11,"minecraft:granite":4,"minecraft:mossy_cobblestone_stairs":3,"born_in_chaos_v1:supreme_measure":5,"grimoireofgaia:spawn_creeper_girl":3,"cataclysm:infernal_forge":50,"minecraft:iron_axe":42,"minecraft:lantern":12,"minecraft:grass_block":2428,"born_in_chaos_v1:spawn_structures_clown_cart":3,"minecraft:iron_helmet":1,"minecraft:iron_boots":1,"tconstruct:crossbow":1,"minecraft:item_frame":8,"minecraft:bedrock":3,"minecraft:deepslate_diamond_ore":1,"minecraft:furnace":7,"minecraft:cooked_beef":8,"minecraft:cobbled_deepslate":6,"minecraft:calcite":1,"minecraft:water_bucket":2482,"minecraft:iron_ore":1,"minecraft:dirt_path":216,"minecraft:stone_pickaxe":23,"minecraft:wooden_pickaxe":13,"minecraft:mossy_stone_brick_stairs":8,"minecraft:redstone_block":7,"mekanism:electric_bow":1,"minecraft:golden_apple":1,"minecraft:sand":180,"minecraft:crafting_table":8,"minecraft:creeper_spawn_egg":7,"minecraft:oak_log":25,"waystones:waystone":1,"minecraft:netherite_block":1,"minecraft:apple":14,"minecraft:diamond_shovel":14,"minecraft:command_block":7,"minecraft:melon_slice":26,"minecraft:iron_pickaxe":201,"waystones:mossy_waystone":1,"minecraft:deepslate":1,"minecraft:stone_axe":52,"minecraft:cobblestone":25,"born_in_chaos_v1:spawn_structures_farm":3,"minecraft:yellow_bed":1,"minecraft:andesite":4,"minecraft:bucket":25,"minecraft:chain_command_block":11,"minecraft:repeating_command_block":1,"industrialforegoing:infinity_trident":5,"minecraft:waxed_cut_copper_stairs":5,"grimoireofgaia:creep_spawn_egg":1,"tconstruct:longbow":9},"minecraft:mined":{"minecraft:tuff":1,"minecraft:deepslate_diamond_ore":8,"born_in_chaos_v1:infected_diamond_ore":3,"minecraft:granite":9,"gravestone:gravestone":5,"minecraft:grass_block":8,"minecraft:jungle_planks":7,"minecraft:jungle_log":7,"occultism:silver_ore_deepslate":1,"minecraft:spawner":3,"minecraft:furnace":7,"minecraft:iron_ore":22,"minecraft:andesite":6,"minecraft:anvil":1,"minecraft:deepslate_lapis_ore":3,"minecraft:deepslate_iron_ore":31,"minecraft:vine":3,"minecraft:iron_bars":2,"minecraft:stone":56,"mekanism:deepslate_lead_ore":1,"minecraft:deepslate_redstone_ore":5,"mekanism:osmium_ore":5,"born_in_chaos_v1:infected_deepslate_diamond_ore":4,"minecraft:crafting_table":8,"minecraft:melon":23,"minecraft:chest":2,"mekanism:tin_ore":6,"minecraft:deepslate_coal_ore":1,"minecraft:lapis_ore":2,"minecraft:deepslate_gold_ore":7,"minecraft:diorite":1,"untamedwilds:block_burrow":1,"minecraft:black_stained_glass":2,"byg:soapstone":1,"mekanism:fluorite_ore":1,"minecraft:yellow_bed":1,"minecraft:grass":5,"minecraft:oak_log":13,"minecraft:coal_ore":7,"mekanism:lead_ore":7,"minecraft:sand":4,"minecraft:dirt":3,"born_in_chaos_v1:infernal_evil_pumpkin_s":1,"mekanism:deepslate_uranium_ore":15,"minecraft:chipped_anvil":1,"minecraft:oak_leaves":1,"minecraft:deepslate":19,"minecraft:fern":4},"minecraft:crafted":{"minecraft:furnace":2,"minecraft:iron_boots":1,"minecraft:iron_axe":1,"minecraft:stone_pickaxe":1,"minecraft:cooked_beef":8,"minecraft:cooked_porkchop":3,"minecraft:crafting_table":1,"minecraft:wooden_pickaxe":1,"minecraft:iron_helmet":1,"minecraft:iron_sword":1,"minecraft:bucket":1,"minecraft:stone_axe":1,"minecraft:air":0,"minecraft:jungle_planks":28,"minecraft:iron_chestplate":1,"minecraft:stick":12,"minecraft:iron_pickaxe":1,"minecraft:iron_ingot":35,"minecraft:gold_ingot":1,"minecraft:iron_leggings":1,"minecraft:torch":4},"minecraft:killed":{"grimoireofgaia:creeper_girl":3,"born_in_chaos_v1:restless_spirit":1,"born_in_chaos_v1:zombie_clown_not_despawn":3,"born_in_chaos_v1:pumpkin_spirit":3,"grimoireofgaia:cobble_golem":6,"minecraft:zombie_horse":5,"grimoireofgaia:centaur":1,"born_in_chaos_v1:maggot":3,"dannys_expansion:mundane_slime":3,"minecraft:skeleton":3,"born_in_chaos_v1:baby_skeleton_2":1,"grimoireofgaia:creep":1,"cataclysm:ender_golem":1,"minecraft:pig":2,"born_in_chaos_v1:diamond_termite":9,"minecraft:zombie_villager":1,"born_in_chaos_v1:swarmer":1,"grimoireofgaia:cobblestone_golem":2,"minecraft:wandering_trader":1,"minecraft:creeper":7,"grimoireofgaia:hunter":1,"dannys_expansion:ghoul":1,"born_in_chaos_v1:decrepit_skeleton":2,"minecraft:trader_llama":2,"minecraft:zombie":6,"alexsmobs:terrapin":2,"born_in_chaos_v1:corpse_fly":5,"minecraft:villager":2,"minecraft:cow":4},"minecraft:killed_by":{"minecraft:creeper":1,"grimoireofgaia:flesh_lich":1,"grimoireofgaia:bone_knight":2,"minecraft:skeleton":1,"grimoireofgaia:cobblestone_golem":2},"minecraft:picked_up":{"minecraft:iron_chestplate":3,"born_in_chaos_v1:diamond_termite_shard":8,"minecraft:crafting_table":8,"minecraft:wheat":9,"minecraft:anvil":1,"mekanism:raw_uranium":15,"minecraft:lead":4,"minecraft:wooden_pickaxe":2,"occultism:raw_silver":1,"minecraft:brown_bed":2,"minecraft:enchanted_book":3,"gravestone:obituary":10,"minecraft:wooden_sword":3,"born_in_chaos_v1:intoxicating_decoction":2,"grimoireofgaia:chest_jungle":1,"minecraft:beetroot":7,"minecraft:gold_nugget":3,"minecraft:cobbled_deepslate":9,"minecraft:beef":9,"minecraft:iron_nugget":17,"minecraft:melon_slice":106,"minecraft:chest":2,"minecraft:furnace":7,"minecraft:egg":4,"minecraft:stick":6,"minecraft:raw_iron":52,"minecraft:copper_ingot":4,"minecraft:porkchop":3,"minecraft:carrot":5,"minecraft:redstone":21,"mekanism:raw_tin":6,"minecraft:brown_carpet":1,"dannys_expansion:gel":2,"minecraft:arrow":2,"minecraft:rotten_flesh":14,"minecraft:pumpkin_pie":2,"minecraft:hay_block":3,"minecraft:carved_pumpkin":3,"minecraft:saddle":1,"born_in_chaos_v1:cultivated_pumpkin":2,"minecraft:iron_bars":4,"minecraft:cobblestone":63,"born_in_chaos_v1:corpse_maggot":10,"minecraft:leather_chestplate":1,"minecraft:andesite":5,"mekanism:raw_lead":8,"minecraft:jungle_log":7,"minecraft:leather":8,"minecraft:potato":4,"minecraft:tuff":1,"minecraft:oak_log":13,"minecraft:yellow_bed":1,"minecraft:gunpowder":5,"minecraft:lapis_lazuli":37,"minecraft:dirt":12,"minecraft:lantern":1,"minecraft:chipped_anvil":1,"minecraft:bone":3,"minecraft:apple":2,"minecraft:gray_carpet":8,"minecraft:wheat_seeds":14,"minecraft:raw_gold":7,"cataclysm:void_core":2,"minecraft:rabbit_hide":7,"minecraft:iron_ingot":3,"minecraft:stone_pickaxe":2,"minecraft:sweet_berries":3,"born_in_chaos_v1:ethereal_spirit":4,"minecraft:poisonous_potato":1,"minecraft:sand":1,"minecraft:jungle_planks":6,"grimoireofgaia:spawn_creeper_girl":3,"mekanism:raw_osmium":5,"minecraft:spruce_door":4,"minecraft:diamond":8,"minecraft:stone_axe":2,"minecraft:granite":8,"mekanism:fluorite_gem":4,"minecraft:bread":3,"grimoireofgaia:rotten_heart":1,"minecraft:spruce_button":1,"minecraft:light_gray_carpet":13,"minecraft:coal":55},"minecraft:dropped":{"minecraft:enchanted_book":3,"minecraft:iron_ingot":2,"cataclysm:ender_golem_spawn_egg":1,"minecraft:poisonous_potato":1,"minecraft:iron_helmet":1,"minecraft:golden_axe":1,"minecraft:cobblestone":8,"minecraft:lead":2,"minecraft:apple":2,"minecraft:granite":4,"minecraft:spruce_button":1,"minecraft:saddle":1,"minecraft:copper_ingot":4,"tconstruct:materials_and_you":4,"cataclysm:void_core":1,"minecraft:gold_nugget":1,"gravestone:obituary":7,"minecraft:wooden_sword":3,"dannys_expansion:gel":1,"minecraft:chipped_anvil":1,"minecraft:gold_ingot":1,"minecraft:bone":3,"minecraft:stone_axe":3,"minecraft:sweet_berries":3,"minecraft:iron_nugget":6,"minecraft:cobbled_deepslate":3,"minecraft:tuff":1,"minecraft:wheat":9,"minecraft:rotten_flesh":2,"minecraft:iron_boots":2,"occultism:raw_silver":1,"mekanism:raw_tin":6,"minecraft:flint_and_steel":1,"minecraft:rabbit_hide":7,"minecraft:leather_chestplate":1,"minecraft:iron_chestplate":3,"minecraft:brown_carpet":1,"minecraft:iron_bars":2,"minecraft:arrow":2,"minecraft:beef":1,"minecraft:stone_pickaxe":3,"minecraft:wooden_pickaxe":3,"minecraft:egg":4},"minecraft:custom":{"minecraft:mob_kills":82,"minecraft:interact_with_crafting_table":25,"minecraft:open_barrel":15,"minecraft:damage_dealt_resisted":130,"minecraft:leave_game":12,"minecraft:time_since_death":49976,"minecraft:climb_one_cm":6856,"minecraft:sprint_one_cm":383239,"minecraft:walk_one_cm":380614,"minecraft:drop":69,"minecraft:talked_to_villager":2,"minecraft:play_time":314238,"minecraft:deaths":8,"minecraft:sneak_time":6557,"minecraft:walk_under_water_one_cm":23876,"minecraft:jump":2349,"minecraft:walk_on_water_one_cm":95871,"minecraft:total_world_time":363572,"minecraft:interact_with_furnace":35,"minecraft:sleep_in_bed":1,"minecraft:time_since_rest":1291,"minecraft:waystone_activated":2,"minecraft:damage_taken":3164,"minecraft:damage_absorbed":40,"minecraft:damage_dealt":13704,"minecraft:swim_one_cm":94742,"minecraft:fly_one_cm":1691851,"minecraft:player_kills":4,"minecraft:open_chest":19,"minecraft:crouch_one_cm":8295,"minecraft:interact_with_smoker":1,"minecraft:fall_one_cm":80511}},"DataVersion":2975}