{"stats":{"minecraft:dropped":{"dannys_expansion:foamshroom_stem":1,"minecraft:wheat_seeds":1,"byg:crocus":2,"minecraft:bowl":1,"byg:rose":1,"minecraft:lead":2},"minecraft:used":{"minecraft:netherite_sword":38,"born_in_chaos_v1:smoked_flesh":1,"byg:crocus":1,"minecraft:netherite_axe":7,"farmersdelight:grilled_salmon":2,"vampirism:garlic_bread":1,"minecraft:dirt":13,"farmersdelight:chicken_sandwich":2,"minecraft:netherite_pickaxe":18,"farmersdelight:roast_chicken":1},"minecraft:killed":{"minecraft:skeleton":2,"vampirism:vampire":1,"born_in_chaos_v1:bonescaller":1,"minecraft:zombie":1,"born_in_chaos_v1:corpse_fly":1,"minecraft:zombie_horse":2,"dannys_expansion:ghoul":1,"grimoireofgaia:flesh_lich":1},"minecraft:mined":{"byg:dacite":3,"minecraft:large_fern":1,"minecraft:deepslate_redstone_ore":2,"minecraft:deepslate_diamond_ore":1,"minecraft:birch_leaves":1,"mekanism:deepslate_osmium_ore":1,"minecraft:clay":1,"byg:holly_log":1,"minecraft:grass":7,"minecraft:grass_block":12,"minecraft:oak_log":7,"minecraft:coal_ore":3,"minecraft:deepslate_iron_ore":1,"minecraft:dirt":3,"byg:overgrown_dacite":3,"minecraft:deepslate":4},"minecraft:picked_up":{"minecraft:raw_iron":1,"minecraft:clay_ball":4,"minecraft:lead":2,"minecraft:oak_log":7,"minecraft:lapis_lazuli":1,"mekanism:raw_osmium":1,"minecraft:redstone":9,"byg:dacite_cobblestone":6,"byg:crocus":2,"minecraft:dirt":13,"byg:holly_log":1,"minecraft:bone":2,"minecraft:arrow":2,"minecraft:rotten_flesh":1,"minecraft:diamond":1,"minecraft:wheat_seeds":2,"minecraft:gold_nugget":1,"minecraft:cobbled_deepslate":4,"minecraft:coal":3,"byg:rose":1},"minecraft:custom":{"minecraft:time_since_rest":18738,"minecraft:sprint_one_cm":24329,"minecraft:damage_taken":906,"minecraft:walk_one_cm":27645,"minecraft:mob_kills":10,"minecraft:drop":7,"minecraft:damage_dealt":2303,"minecraft:swim_one_cm":5906,"minecraft:fly_one_cm":102278,"minecraft:open_chest":1,"minecraft:crouch_one_cm":1125,"minecraft:play_time":18738,"minecraft:sneak_time":450,"minecraft:walk_under_water_one_cm":1026,"minecraft:jump":244,"minecraft:damage_dealt_resisted":260,"minecraft:interact_with_brewingstand":1,"minecraft:leave_game":3,"minecraft:time_since_death":18738,"minecraft:walk_on_water_one_cm":2774,"minecraft:total_world_time":18738,"minecraft:fall_one_cm":6170}},"DataVersion":2975}