{"stats":{"minecraft:custom":{"minecraft:time_since_rest":6811,"minecraft:sprint_one_cm":4401,"minecraft:play_time":6811,"minecraft:damage_taken":210,"minecraft:walk_one_cm":6822,"minecraft:sneak_time":58,"minecraft:walk_under_water_one_cm":134,"minecraft:drop":1,"minecraft:jump":51,"minecraft:damage_dealt":24,"minecraft:leave_game":2,"minecraft:time_since_death":6811,"minecraft:walk_on_water_one_cm":1205,"minecraft:total_world_time":6811,"minecraft:swim_one_cm":4626,"minecraft:fall_one_cm":627,"minecraft:fly_one_cm":63983},"minecraft:picked_up":{"minecraft:wheat_seeds":1,"byg:crocus":2,"minecraft:dirt":13},"minecraft:used":{"minecraft:dirt":13,"byg:crocus":1},"minecraft:mined":{"minecraft:grass":2,"minecraft:grass_block":12,"minecraft:dirt":3},"minecraft:dropped":{"dannys_expansion:foamshroom_stem":1}},"DataVersion":2975}