{"stats":{"minecraft:picked_up":{"born_in_chaos_v1:corpse_maggot":2,"byg:holly_sapling":3,"minecraft:redstone_block":1,"minecraft:creeper_head":2,"minecraft:clay_ball":4,"mekanism:raw_lead":3,"mekanism:raw_uranium":1,"minecraft:lead":2,"minecraft:oak_log":7,"minecraft:paper":3,"minecraft:dirt":13,"minecraft:gunpowder":10,"artifacts:cloud_in_a_bottle":1,"byg:dacite_cobblestone":6,"minecraft:lapis_lazuli":1,"byg:crocus":2,"minecraft:string":3,"minecraft:zombie_head":6,"minecraft:bone":11,"minecraft:bow":2,"minecraft:wheat_seeds":2,"minecraft:gold_nugget":9,"minecraft:cobbled_deepslate":5,"minecraft:iron_nugget":3,"byg:rose":1,"minecraft:stick":2,"grimoireofgaia:zombie_staff":1,"minecraft:raw_iron":2,"minecraft:sweet_berries":9,"artifacts:vampiric_glove":1,"vampirism:vampire_fang":1,"minecraft:spruce_log":48,"born_in_chaos_v1:pieceofdarkmetal":2,"minecraft:redstone":19,"mekanism:raw_osmium":2,"minecraft:spider_eye":1,"byg:holly_log":16,"minecraft:stone_sword":1,"minecraft:arrow":12,"minecraft:rotten_flesh":14,"minecraft:diamond":1,"mekanism:fluorite_gem":8,"minecraft:coal":3,"minecraft:skeleton_skull":3,"minecraft:cobblestone":3,"minecraft:ender_pearl":1},"minecraft:killed":{"vampirism:vampire":2,"minecraft:cave_spider":4,"born_in_chaos_v1:bonescaller":2,"grimoireofgaia:bone_knight":8,"born_in_chaos_v1:diamond_termite":2,"born_in_chaos_v1:baby_skeleton":1,"minecraft:spider":2,"minecraft:creeper":8,"minecraft:zombie_horse":2,"dannys_expansion:ghoul":1,"born_in_chaos_v1:maggot":4,"minecraft:skeleton":8,"grimoireofgaia:ender_eye":1,"minecraft:zombie":10,"grimoireofgaia:deathword":2,"born_in_chaos_v1:corpse_fly":1,"dannys_expansion:goblin":3,"born_in_chaos_v1:baby_skeleton_2":2,"grimoireofgaia:flesh_lich":1,"artifacts:mimic":2},"minecraft:dropped":{"minecraft:wheat_seeds":1,"minecraft:bowl":1,"minecraft:deepslate":1,"byg:rose":1,"minecraft:lead":2,"dannys_expansion:foamshroom_stem":1,"minecraft:gunpowder":2,"byg:crocus":2},"minecraft:custom":{"minecraft:interact_with_furnace":1,"minecraft:mob_kills":68,"minecraft:open_barrel":4,"minecraft:damage_dealt_resisted":1444,"minecraft:leave_game":4,"minecraft:time_since_death":37635,"minecraft:damage_resisted":2088,"minecraft:time_since_rest":57,"minecraft:sprint_one_cm":56321,"minecraft:damage_taken":1302,"minecraft:walk_one_cm":67778,"minecraft:drop":9,"minecraft:damage_dealt":11422,"minecraft:swim_one_cm":6367,"minecraft:fly_one_cm":231370,"minecraft:open_chest":1,"minecraft:crouch_one_cm":1154,"minecraft:play_time":37635,"minecraft:sneak_time":668,"minecraft:walk_under_water_one_cm":1336,"minecraft:jump":500,"minecraft:interact_with_brewingstand":1,"minecraft:walk_on_water_one_cm":4954,"minecraft:total_world_time":37635,"minecraft:fall_one_cm":22088},"minecraft:used":{"minecraft:netherite_sword":41,"farmersdelight:grilled_salmon":4,"minecraft:dirt":13,"farmersdelight:chicken_sandwich":2,"farmersdelight:roast_chicken":1,"born_in_chaos_v1:smoked_flesh":1,"industrialforegoing:infinity_hammer":37,"cataclysm:infernal_forge":16,"byg:crocus":1,"minecraft:netherite_axe":7,"carryon:entity_item":2,"minecraft:deepslate":10,"industrialforegoing:infinity_nuke":1,"vampirism:garlic_bread":1,"minecraft:bow":2,"minecraft:netherite_pickaxe":32,"grimoireofgaia:cursed_metal_sword":11},"minecraft:mined":{"byg:dacite":3,"mekanism:deepslate_lead_ore":1,"minecraft:deepslate_redstone_ore":2,"minecraft:deepslate_diamond_ore":1,"born_in_chaos_v1:infected_diamond_ore":1,"minecraft:clay":1,"mekanism:deepslate_osmium_ore":2,"born_in_chaos_v1:infected_deepslate_diamond_ore":1,"byg:holly_log":27,"minecraft:grass_block":12,"byg:overgrown_dacite":3,"minecraft:large_fern":1,"minecraft:spruce_log":214,"minecraft:birch_leaves":1,"minecraft:grass":7,"minecraft:oak_log":7,"minecraft:coal_ore":3,"minecraft:deepslate_iron_ore":2,"mekanism:lead_ore":2,"mekanism:deepslate_fluorite_ore":2,"minecraft:dirt":3,"mekanism:deepslate_uranium_ore":1,"minecraft:stone":3,"minecraft:fern":2,"minecraft:deepslate":5}},"DataVersion":2975}