{"stats":{"minecraft:mined":{"minecraft:granite":9,"minecraft:red_sand":16,"minecraft:grass_block":90,"byg:pink_cherry_leaves":5,"minecraft:jungle_log":7,"minecraft:spawner":21,"minecraft:iron_ore":22,"minecraft:deepslate_lapis_ore":3,"minecraft:anvil":4,"minecraft:iron_bars":17,"minecraft:deepslate_redstone_ore":5,"mekanism:osmium_ore":5,"byg:white_cherry_foliage":11,"born_in_chaos_v1:infected_deepslate_diamond_ore":4,"minecraft:melon":25,"minecraft:chest":4,"mekanism:tin_ore":6,"minecraft:nether_brick_slab":2,"minecraft:cobblestone":17,"byg:soapstone":1,"mekanism:fluorite_ore":1,"minecraft:magenta_bed":2,"minecraft:tnt":1,"minecraft:grass":7,"minecraft:oak_log":13,"mekanism:lead_ore":7,"minecraft:sand":5,"minecraft:dirt":500,"byg:pink_cherry_foliage":1,"born_in_chaos_v1:infernal_evil_pumpkin_s":1,"minecraft:netherrack":1,"minecraft:oak_leaves":1,"minecraft:deepslate":19,"minecraft:tuff":1,"minecraft:deepslate_diamond_ore":8,"born_in_chaos_v1:infected_diamond_ore":3,"gravestone:gravestone":5,"minecraft:nether_bricks":2,"minecraft:jungle_planks":7,"occultism:silver_ore_deepslate":1,"minecraft:furnace":9,"minecraft:andesite":6,"minecraft:bookshelf":4,"minecraft:deepslate_iron_ore":31,"minecraft:vine":3,"minecraft:stone":303,"mekanism:deepslate_lead_ore":1,"byg:cherry_log":132,"minecraft:crafting_table":15,"minecraft:deepslate_coal_ore":1,"minecraft:deepslate_gold_ore":7,"minecraft:lapis_ore":2,"minecraft:diorite":1,"byg:japanese_orchid":1,"minecraft:black_stained_glass":2,"untamedwilds:block_burrow":2,"minecraft:yellow_bed":1,"minecraft:coal_ore":7,"minecraft:cobweb":3,"mekanism:deepslate_uranium_ore":15,"minecraft:chipped_anvil":1,"minecraft:fern":5},"minecraft:used":{"minecraft:spruce_slab":33,"minecraft:ladder":20,"tconstruct:excavator":45,"minecraft:chest":7,"minecraft:shield":13,"minecraft:stone":119,"minecraft:iron_sword":246,"minecraft:jungle_planks":28,"grimoireofgaia:spawn_creeper_girl":3,"cataclysm:infernal_forge":50,"minecraft:grass_block":2428,"minecraft:lantern":12,"minecraft:iron_helmet":1,"tconstruct:crossbow":1,"minecraft:item_frame":8,"minecraft:deepslate_diamond_ore":1,"minecraft:bedrock":3,"minecraft:furnace":9,"minecraft:stone_pickaxe":23,"minecraft:mossy_stone_brick_stairs":8,"minecraft:wooden_pickaxe":13,"minecraft:redstone_block":7,"mekanism:electric_bow":1,"minecraft:golden_apple":9,"minecraft:sand":180,"minecraft:creeper_spawn_egg":7,"waystones:waystone":1,"minecraft:melon_slice":62,"minecraft:bread":2,"minecraft:deepslate":1,"minecraft:diamond_sword":123,"tconstruct:crafting_station":1,"minecraft:andesite":4,"grimoireofgaia:creep_spawn_egg":1,"minecraft:waxed_cut_copper_stairs":5,"industrialforegoing:infinity_trident":5,"tconstruct:longbow":9,"minecraft:cobweb":3,"waystones:sandy_waystone":1,"minecraft:iron_bars":7,"minecraft:flint_and_steel":5,"minecraft:spruce_planks":25,"cataclysm:ender_golem_spawn_egg":1,"minecraft:structure_block":10,"minecraft:netherrack":1,"grimoireofgaia:cobblestone_golem_spawn_egg":1,"minecraft:torch":19,"minecraft:dirt":154,"minecraft:anvil":3,"minecraft:stone_stairs":11,"minecraft:granite":4,"minecraft:mossy_cobblestone_stairs":3,"born_in_chaos_v1:supreme_measure":5,"minecraft:iron_axe":199,"born_in_chaos_v1:spawn_structures_clown_cart":3,"tconstruct:tinker_station":1,"minecraft:iron_boots":1,"minecraft:cooked_beef":8,"tconstruct:part_builder":1,"minecraft:cobbled_deepslate":6,"minecraft:calcite":1,"minecraft:water_bucket":2485,"minecraft:iron_ore":1,"minecraft:dirt_path":216,"byg:cherry_log":10,"minecraft:crafting_table":15,"minecraft:magenta_bed":1,"minecraft:oak_log":25,"byg:japanese_orchid":1,"minecraft:netherite_block":1,"minecraft:diamond_pickaxe":252,"minecraft:apple":14,"minecraft:diamond_shovel":605,"minecraft:command_block":7,"waystones:mossy_waystone":1,"minecraft:iron_pickaxe":258,"minecraft:stone_axe":52,"minecraft:cobblestone":62,"minecraft:potion":3,"born_in_chaos_v1:spawn_structures_farm":3,"minecraft:cooked_porkchop":3,"minecraft:chain_command_block":11,"minecraft:bucket":28,"minecraft:repeating_command_block":1,"minecraft:yellow_bed":1,"minecraft:pumpkin_pie":9},"minecraft:crafted":{"minecraft:oak_planks":52,"minecraft:glass":12,"minecraft:diamond_leggings":1,"minecraft:iron_boots":1,"minecraft:chest":1,"minecraft:cooked_porkchop":3,"minecraft:crafting_table":2,"minecraft:iron_helmet":1,"minecraft:wooden_pickaxe":1,"travelersbackpack:standard":2,"minecraft:iron_chestplate":1,"minecraft:stick":12,"minecraft:iron_ingot":43,"minecraft:iron_pickaxe":1,"minecraft:gold_ingot":2,"tconstruct:pattern":12,"tconstruct:part_builder":1,"minecraft:furnace":2,"tconstruct:tinker_station":1,"travelersbackpack:white_sleeping_bag":1,"minecraft:iron_axe":1,"minecraft:stone_pickaxe":1,"minecraft:cooked_beef":8,"travelersbackpack:backpack_tank":2,"minecraft:iron_sword":1,"tconstruct:hammer_head":1,"minecraft:bucket":1,"minecraft:stone_axe":1,"minecraft:air":0,"minecraft:jungle_planks":28,"minecraft:white_wool":3,"tconstruct:crafting_station":1,"minecraft:iron_leggings":1,"minecraft:torch":16},"minecraft:killed":{"grimoireofgaia:creeper_girl":3,"born_in_chaos_v1:restless_spirit":2,"born_in_chaos_v1:pumpkin_spirit":3,"minecraft:spider":13,"grimoireofgaia:cobble_golem":6,"minecraft:zombie_horse":5,"minecraft:skeleton":4,"born_in_chaos_v1:baby_skeleton_2":1,"cataclysm:ender_golem":1,"artifacts:mimic":2,"minecraft:pig":4,"alexsmobs:grizzly_bear":1,"minecraft:zombie_villager":1,"born_in_chaos_v1:diamond_termite":9,"grimoireofgaia:cobblestone_golem":2,"minecraft:creeper":7,"grimoireofgaia:hunter":1,"untamedwilds:tortoise":1,"minecraft:trader_llama":2,"minecraft:zombie":27,"born_in_chaos_v1:dread_hound":2,"alexsmobs:terrapin":2,"born_in_chaos_v1:corpse_fly":5,"minecraft:stray":3,"untamedwilds:bison":6,"minecraft:cow":6,"born_in_chaos_v1:zombie_clown_not_despawn":3,"grimoireofgaia:centaur":1,"born_in_chaos_v1:maggot":7,"dannys_expansion:mundane_slime":3,"grimoireofgaia:creep":1,"born_in_chaos_v1:swarmer":1,"minecraft:wandering_trader":1,"dannys_expansion:ghoul":1,"born_in_chaos_v1:decrepit_skeleton":3,"grimoireofgaia:matango":2,"minecraft:villager":2},"minecraft:killed_by":{"minecraft:creeper":1,"grimoireofgaia:bone_knight":2,"grimoireofgaia:cobblestone_golem":2,"grimoireofgaia:flesh_lich":1,"minecraft:skeleton":1},"minecraft:picked_up":{"minecraft:iron_chestplate":3,"minecraft:wheat":9,"minecraft:anvil":4,"mekanism:raw_uranium":15,"minecraft:lead":4,"minecraft:diamond_sword":1,"minecraft:brown_bed":2,"minecraft:enchanted_book":3,"minecraft:string":14,"minecraft:beetroot":7,"minecraft:red_sand":20,"minecraft:gold_nugget":3,"minecraft:cobbled_deepslate":9,"minecraft:melon_slice":119,"minecraft:furnace":9,"minecraft:stick":9,"travelersbackpack:iron_tier_upgrade":1,"minecraft:porkchop":3,"mekanism:raw_tin":6,"minecraft:brown_carpet":1,"dannys_expansion:gel":2,"minecraft:rotten_flesh":24,"minecraft:carved_pumpkin":3,"born_in_chaos_v1:cultivated_pumpkin":2,"minecraft:iron_bars":18,"minecraft:cobblestone":326,"minecraft:leather_chestplate":2,"minecraft:cooked_beef":29,"minecraft:jungle_log":7,"minecraft:andesite":5,"minecraft:potato":5,"alexsmobs:bear_fur":2,"minecraft:tuff":1,"minecraft:magenta_bed":2,"travelersbackpack:gold_tier_upgrade":1,"minecraft:dirt":589,"minecraft:lapis_lazuli":37,"minecraft:lantern":1,"born_in_chaos_v1:monster_skin":1,"minecraft:glass":4,"minecraft:bone":29,"minecraft:chipped_anvil":1,"minecraft:wheat_seeds":15,"minecraft:raw_gold":32,"minecraft:diamond_helmet":1,"minecraft:cooked_porkchop":5,"byg:pink_cherry_sapling":14,"minecraft:poisonous_potato":1,"minecraft:jungle_planks":6,"minecraft:sand":1,"grimoireofgaia:spawn_creeper_girl":3,"minecraft:diamond":8,"minecraft:granite":8,"minecraft:spruce_button":1,"minecraft:bread":3,"minecraft:light_gray_carpet":13,"minecraft:netherrack":1,"minecraft:crafting_table":14,"born_in_chaos_v1:diamond_termite_shard":8,"tconstruct:materials_and_you":1,"minecraft:wooden_pickaxe":2,"occultism:raw_silver":1,"gravestone:obituary":10,"untamedwilds:food_turtle_cooked":2,"minecraft:wooden_sword":3,"grimoireofgaia:chest_jungle":1,"born_in_chaos_v1:intoxicating_decoction":2,"artifacts:fire_gauntlet":1,"minecraft:beef":9,"minecraft:iron_nugget":17,"minecraft:chest":4,"minecraft:egg":4,"minecraft:raw_iron":52,"minecraft:copper_ingot":4,"minecraft:carrot":5,"minecraft:redstone":21,"minecraft:arrow":4,"minecraft:pumpkin_pie":2,"minecraft:hay_block":3,"minecraft:saddle":1,"born_in_chaos_v1:corpse_maggot":12,"born_in_chaos_v1:monster_flesh":2,"mekanism:raw_lead":8,"byg:japanese_orchid":1,"minecraft:leather":33,"minecraft:filled_map":3,"waystones:sandy_waystone":2,"minecraft:oak_log":13,"minecraft:yellow_bed":1,"minecraft:gunpowder":5,"byg:pink_cherry_foliage":1,"minecraft:apple":2,"minecraft:gray_carpet":8,"untamedwilds:material_fat":3,"cataclysm:void_core":2,"minecraft:rabbit_hide":7,"minecraft:iron_ingot":3,"minecraft:stone_pickaxe":2,"artifacts:kitty_slippers":1,"minecraft:sweet_berries":3,"born_in_chaos_v1:ethereal_spirit":6,"minecraft:nether_brick_slab":2,"minecraft:spider_eye":1,"mekanism:raw_osmium":5,"minecraft:spruce_door":4,"byg:white_cherry_foliage":12,"minecraft:stone_axe":2,"byg:cherry_log":119,"minecraft:chainmail_leggings":1,"mekanism:fluorite_gem":4,"grimoireofgaia:rotten_heart":1,"minecraft:coal":55},"minecraft:dropped":{"cataclysm:ender_golem_spawn_egg":1,"minecraft:glass_bottle":3,"minecraft:saddle":1,"born_in_chaos_v1:monster_flesh":2,"tconstruct:materials_and_you":5,"gravestone:obituary":7,"minecraft:wooden_sword":3,"minecraft:gold_nugget":1,"minecraft:gold_ingot":1,"minecraft:bone":5,"minecraft:stone_axe":3,"minecraft:iron_nugget":6,"minecraft:cobbled_deepslate":3,"minecraft:wheat":9,"minecraft:rotten_flesh":12,"occultism:raw_silver":1,"mekanism:raw_tin":6,"minecraft:rabbit_hide":7,"minecraft:leather_chestplate":2,"born_in_chaos_v1:corpse_maggot":2,"minecraft:iron_bars":5,"minecraft:arrow":2,"minecraft:glass":4,"minecraft:beef":1,"minecraft:egg":4,"minecraft:enchanted_book":3,"minecraft:iron_ingot":2,"minecraft:poisonous_potato":1,"minecraft:lead":2,"minecraft:golden_axe":1,"minecraft:iron_helmet":2,"minecraft:cobblestone":8,"minecraft:apple":2,"minecraft:granite":4,"minecraft:spruce_button":1,"minecraft:copper_ingot":4,"cataclysm:void_core":1,"minecraft:melon_slice":2,"minecraft:diamond_helmet":1,"minecraft:iron_leggings":1,"mekanism:raw_osmium":5,"dannys_expansion:gel":1,"minecraft:chipped_anvil":1,"minecraft:chainmail_leggings":1,"minecraft:string":2,"minecraft:nether_brick_slab":2,"minecraft:sweet_berries":3,"minecraft:tuff":1,"minecraft:iron_boots":3,"minecraft:flint_and_steel":1,"minecraft:filled_map":3,"minecraft:diamond_sword":1,"minecraft:iron_chestplate":3,"minecraft:brown_carpet":1,"minecraft:red_sand":4,"minecraft:stone_pickaxe":3,"minecraft:wooden_pickaxe":3,"minecraft:raw_gold":25},"minecraft:custom":{"minecraft:interact_with_crafting_table":42,"minecraft:open_barrel":24,"minecraft:leave_game":13,"minecraft:time_since_death":147863,"minecraft:sprint_one_cm":669262,"minecraft:damage_blocked_by_shield":1000,"minecraft:drop":100,"minecraft:talked_to_villager":2,"minecraft:play_time":412125,"minecraft:deaths":8,"minecraft:jump":3633,"minecraft:interact_with_brewingstand":1,"minecraft:walk_on_water_one_cm":99941,"minecraft:interact_with_furnace":60,"minecraft:sleep_in_bed":2,"minecraft:waystone_activated":3,"minecraft:damage_dealt":26609,"minecraft:player_kills":4,"minecraft:crouch_one_cm":15553,"minecraft:interact_with_smoker":1,"minecraft:interact_with_smithing_table":3,"minecraft:mob_kills":145,"minecraft:interact_with_anvil":4,"minecraft:damage_dealt_resisted":150,"minecraft:climb_one_cm":8386,"minecraft:walk_one_cm":668836,"minecraft:sneak_time":9168,"minecraft:walk_under_water_one_cm":25485,"minecraft:total_world_time":461459,"minecraft:time_since_rest":31577,"minecraft:damage_taken":5377,"minecraft:damage_absorbed":301,"minecraft:trigger_trapped_chest":1,"minecraft:swim_one_cm":95873,"minecraft:fly_one_cm":2139097,"minecraft:open_chest":85,"minecraft:fall_one_cm":179786}},"DataVersion":2975}