{"stats":{"minecraft:used":{"minecraft:flint_and_steel":5,"minecraft:spruce_slab":33,"minecraft:ladder":20,"cataclysm:ender_golem_spawn_egg":1,"minecraft:spruce_planks":25,"minecraft:chest":1,"tconstruct:excavator":45,"minecraft:stone":119,"minecraft:structure_block":10,"grimoireofgaia:cobblestone_golem_spawn_egg":1,"minecraft:torch":4,"minecraft:dirt":28,"minecraft:stone_stairs":11,"minecraft:mossy_cobblestone_stairs":3,"born_in_chaos_v1:supreme_measure":5,"grimoireofgaia:spawn_creeper_girl":3,"cataclysm:infernal_forge":50,"minecraft:iron_axe":21,"minecraft:lantern":12,"minecraft:grass_block":2428,"born_in_chaos_v1:spawn_structures_clown_cart":3,"minecraft:iron_helmet":1,"tconstruct:crossbow":1,"minecraft:item_frame":8,"minecraft:bedrock":3,"minecraft:deepslate_diamond_ore":1,"minecraft:furnace":4,"minecraft:cooked_beef":1,"minecraft:cobbled_deepslate":1,"minecraft:calcite":1,"minecraft:water_bucket":2463,"minecraft:iron_ore":1,"minecraft:dirt_path":216,"minecraft:stone_pickaxe":23,"minecraft:wooden_pickaxe":13,"minecraft:mossy_stone_brick_stairs":8,"minecraft:redstone_block":7,"mekanism:electric_bow":1,"minecraft:sand":179,"minecraft:crafting_table":5,"minecraft:creeper_spawn_egg":7,"minecraft:oak_log":25,"waystones:waystone":1,"minecraft:netherite_block":1,"minecraft:diamond_shovel":14,"minecraft:command_block":7,"minecraft:melon_slice":19,"minecraft:iron_pickaxe":83,"waystones:mossy_waystone":1,"minecraft:deepslate":1,"minecraft:stone_axe":52,"born_in_chaos_v1:spawn_structures_farm":3,"minecraft:bucket":6,"minecraft:chain_command_block":11,"minecraft:repeating_command_block":1,"industrialforegoing:infinity_trident":5,"minecraft:waxed_cut_copper_stairs":5,"grimoireofgaia:creep_spawn_egg":1,"tconstruct:longbow":9},"minecraft:mined":{"minecraft:tuff":1,"minecraft:deepslate_diamond_ore":3,"born_in_chaos_v1:infected_diamond_ore":1,"gravestone:gravestone":1,"minecraft:grass_block":3,"minecraft:jungle_log":7,"occultism:silver_ore_deepslate":1,"minecraft:furnace":4,"minecraft:iron_ore":22,"minecraft:deepslate_lapis_ore":3,"minecraft:deepslate_iron_ore":12,"minecraft:vine":2,"minecraft:stone":25,"minecraft:deepslate_redstone_ore":5,"mekanism:osmium_ore":5,"minecraft:crafting_table":5,"minecraft:melon":18,"mekanism:tin_ore":6,"minecraft:deepslate_coal_ore":1,"minecraft:deepslate_gold_ore":6,"mekanism:fluorite_ore":1,"minecraft:grass":2,"minecraft:oak_log":13,"minecraft:coal_ore":7,"mekanism:lead_ore":5,"minecraft:dirt":3,"mekanism:deepslate_uranium_ore":6,"minecraft:deepslate":5,"minecraft:fern":4},"minecraft:crafted":{"minecraft:furnace":2,"minecraft:iron_axe":1,"minecraft:stone_pickaxe":1,"minecraft:cooked_beef":8,"minecraft:crafting_table":1,"minecraft:wooden_pickaxe":1,"minecraft:iron_helmet":1,"minecraft:bucket":1,"minecraft:stone_axe":1,"minecraft:air":0,"minecraft:jungle_planks":28,"minecraft:iron_chestplate":1,"minecraft:stick":12,"minecraft:iron_pickaxe":1,"minecraft:iron_ingot":32,"minecraft:iron_leggings":1,"minecraft:torch":4},"minecraft:killed":{"grimoireofgaia:creeper_girl":3,"born_in_chaos_v1:zombie_clown_not_despawn":3,"born_in_chaos_v1:pumpkin_spirit":3,"grimoireofgaia:cobble_golem":6,"minecraft:zombie_horse":5,"grimoireofgaia:centaur":1,"born_in_chaos_v1:maggot":3,"dannys_expansion:mundane_slime":3,"minecraft:skeleton":1,"born_in_chaos_v1:baby_skeleton_2":1,"grimoireofgaia:creep":1,"cataclysm:ender_golem":1,"minecraft:pig":2,"born_in_chaos_v1:diamond_termite":2,"minecraft:zombie_villager":1,"born_in_chaos_v1:swarmer":1,"grimoireofgaia:cobblestone_golem":2,"minecraft:wandering_trader":1,"minecraft:creeper":7,"grimoireofgaia:hunter":1,"dannys_expansion:ghoul":1,"minecraft:trader_llama":2,"minecraft:zombie":1,"alexsmobs:terrapin":2,"born_in_chaos_v1:corpse_fly":5,"minecraft:villager":2,"minecraft:cow":4},"minecraft:killed_by":{"grimoireofgaia:bone_knight":1,"minecraft:skeleton":1,"grimoireofgaia:cobblestone_golem":2},"minecraft:picked_up":{"born_in_chaos_v1:diamond_termite_shard":2,"minecraft:crafting_table":5,"minecraft:wheat":9,"mekanism:raw_uranium":6,"minecraft:lead":4,"minecraft:wooden_pickaxe":2,"occultism:raw_silver":1,"minecraft:brown_bed":2,"gravestone:obituary":7,"minecraft:wooden_sword":3,"born_in_chaos_v1:intoxicating_decoction":2,"grimoireofgaia:chest_jungle":1,"minecraft:beetroot":7,"minecraft:gold_nugget":2,"minecraft:cobbled_deepslate":5,"minecraft:beef":9,"minecraft:iron_nugget":11,"minecraft:melon_slice":81,"minecraft:furnace":4,"minecraft:egg":4,"minecraft:stick":5,"minecraft:raw_iron":33,"minecraft:copper_ingot":4,"minecraft:porkchop":3,"minecraft:carrot":5,"minecraft:redstone":21,"mekanism:raw_tin":6,"minecraft:brown_carpet":1,"dannys_expansion:gel":2,"minecraft:arrow":2,"minecraft:rotten_flesh":12,"minecraft:pumpkin_pie":2,"minecraft:hay_block":3,"minecraft:carved_pumpkin":3,"minecraft:saddle":1,"born_in_chaos_v1:cultivated_pumpkin":2,"minecraft:cobblestone":24,"born_in_chaos_v1:corpse_maggot":10,"mekanism:raw_lead":5,"minecraft:jungle_log":7,"minecraft:leather":8,"minecraft:potato":4,"minecraft:tuff":1,"minecraft:oak_log":13,"minecraft:gunpowder":5,"minecraft:lapis_lazuli":22,"minecraft:dirt":7,"minecraft:lantern":1,"minecraft:bone":1,"minecraft:apple":2,"minecraft:gray_carpet":8,"minecraft:wheat_seeds":14,"minecraft:raw_gold":6,"cataclysm:void_core":2,"minecraft:rabbit_hide":7,"minecraft:iron_ingot":3,"minecraft:stone_pickaxe":1,"minecraft:sweet_berries":3,"born_in_chaos_v1:ethereal_spirit":3,"minecraft:poisonous_potato":1,"grimoireofgaia:spawn_creeper_girl":3,"mekanism:raw_osmium":5,"minecraft:spruce_door":4,"minecraft:diamond":3,"minecraft:stone_axe":1,"mekanism:fluorite_gem":4,"minecraft:bread":3,"grimoireofgaia:rotten_heart":1,"minecraft:spruce_button":1,"minecraft:light_gray_carpet":13,"minecraft:coal":14},"minecraft:dropped":{"minecraft:iron_ingot":2,"cataclysm:ender_golem_spawn_egg":1,"minecraft:poisonous_potato":1,"minecraft:lead":2,"minecraft:apple":2,"minecraft:spruce_button":1,"minecraft:saddle":1,"minecraft:copper_ingot":4,"tconstruct:materials_and_you":4,"cataclysm:void_core":1,"minecraft:wooden_sword":3,"dannys_expansion:gel":1,"minecraft:stone_axe":2,"minecraft:sweet_berries":3,"minecraft:tuff":1,"minecraft:wheat":9,"minecraft:flint_and_steel":1,"minecraft:rabbit_hide":7,"minecraft:brown_carpet":1,"minecraft:arrow":2,"minecraft:beef":1,"minecraft:stone_pickaxe":2,"minecraft:wooden_pickaxe":3,"minecraft:egg":4},"minecraft:custom":{"minecraft:mob_kills":64,"minecraft:interact_with_crafting_table":17,"minecraft:damage_dealt_resisted":130,"minecraft:leave_game":12,"minecraft:time_since_death":85,"minecraft:climb_one_cm":1694,"minecraft:sprint_one_cm":152735,"minecraft:walk_one_cm":264119,"minecraft:drop":34,"minecraft:talked_to_villager":2,"minecraft:play_time":254238,"minecraft:deaths":5,"minecraft:sneak_time":5055,"minecraft:walk_under_water_one_cm":17598,"minecraft:jump":987,"minecraft:walk_on_water_one_cm":74180,"minecraft:total_world_time":303572,"minecraft:interact_with_furnace":26,"minecraft:time_since_rest":112,"minecraft:waystone_activated":2,"minecraft:damage_taken":1312,"minecraft:damage_dealt":10250,"minecraft:swim_one_cm":39459,"minecraft:fly_one_cm":1366637,"minecraft:player_kills":4,"minecraft:open_chest":2,"minecraft:crouch_one_cm":3460,"minecraft:fall_one_cm":18383}},"DataVersion":2975}