{"stats":{"minecraft:used":{"minecraft:netherite_sword":41,"minecraft:stone":2,"dannys_expansion:musket":3,"farmersdelight:grilled_salmon":4,"minecraft:zombie_spawn_egg":41,"tconstruct:sword":34,"tconstruct:sledge_hammer":1,"minecraft:dirt":13,"farmersdelight:chicken_sandwich":2,"dannys_expansion:shooting_star":5,"tconstruct:hand_axe":4,"dannys_expansion:heavy_handgun":5,"minecraft:spruce_fence":51,"farmersdelight:roast_chicken":1,"born_in_chaos_v1:smoked_flesh":1,"cataclysm:infernal_forge":27,"industrialforegoing:infinity_hammer":37,"byg:crocus":1,"minecraft:netherite_axe":7,"carryon:entity_item":2,"dannys_expansion:shotgun":4,"minecraft:deepslate":10,"industrialforegoing:infinity_nuke":1,"vampirism:garlic_bread":1,"minecraft:cobblestone":5,"minecraft:bow":2,"minecraft:netherite_pickaxe":32,"minecraft:yellow_bed":2,"grimoireofgaia:cursed_metal_sword":11},"minecraft:mined":{"byg:dacite":8,"mekanism:deepslate_lead_ore":1,"minecraft:deepslate_redstone_ore":2,"minecraft:deepslate_diamond_ore":1,"born_in_chaos_v1:infected_diamond_ore":1,"born_in_chaos_v1:infected_deepslate_diamond_ore":1,"byg:holly_log":27,"minecraft:clay":5,"mekanism:deepslate_osmium_ore":2,"minecraft:grass_block":12,"mekanism:tin_ore":2,"minecraft:copper_ore":2,"minecraft:cobblestone":54,"byg:overgrown_dacite":3,"byg:holly_berry_leaves":2,"byg:holly_leaves":1,"minecraft:large_fern":1,"minecraft:spruce_log":250,"minecraft:birch_leaves":1,"minecraft:andesite":9,"minecraft:grass":7,"minecraft:oak_log":7,"minecraft:coal_ore":11,"minecraft:cave_vines":1,"minecraft:deepslate_iron_ore":2,"mekanism:lead_ore":2,"mekanism:deepslate_fluorite_ore":2,"minecraft:dirt":3,"byg:rocky_stone":21,"mekanism:deepslate_uranium_ore":1,"minecraft:stone":335,"minecraft:deepslate":5,"minecraft:fern":2},"minecraft:killed":{"vampirism:vampire":2,"minecraft:cave_spider":4,"born_in_chaos_v1:bonescaller":2,"born_in_chaos_v1:diamond_termite":2,"born_in_chaos_v1:baby_skeleton":1,"grimoireofgaia:bone_knight":8,"minecraft:spider":2,"minecraft:zombie_horse":2,"minecraft:creeper":10,"dannys_expansion:ghoul":1,"born_in_chaos_v1:maggot":18,"minecraft:skeleton":8,"grimoireofgaia:ender_eye":1,"minecraft:zombie":73,"grimoireofgaia:deathword":2,"born_in_chaos_v1:corpse_fly":1,"dannys_expansion:goblin":3,"born_in_chaos_v1:baby_skeleton_2":2,"artifacts:mimic":2,"grimoireofgaia:flesh_lich":1},"minecraft:picked_up":{"born_in_chaos_v1:corpse_maggot":9,"minecraft:redstone_block":1,"byg:holly_sapling":3,"minecraft:creeper_head":2,"minecraft:clay_ball":8,"mekanism:raw_lead":3,"mekanism:raw_uranium":1,"minecraft:andesite":9,"minecraft:lead":2,"minecraft:oak_log":7,"artifacts:cloud_in_a_bottle":1,"minecraft:gunpowder":13,"byg:dacite_cobblestone":11,"byg:crocus":2,"minecraft:string":3,"minecraft:lapis_lazuli":1,"minecraft:dirt":13,"minecraft:paper":3,"minecraft:raw_copper":5,"minecraft:bone":11,"minecraft:zombie_head":6,"minecraft:bow":2,"minecraft:wheat_seeds":2,"minecraft:gold_nugget":9,"minecraft:cobbled_deepslate":5,"minecraft:iron_ingot":1,"minecraft:iron_nugget":3,"byg:rose":1,"grimoireofgaia:zombie_staff":1,"minecraft:stick":3,"minecraft:raw_iron":2,"minecraft:sweet_berries":13,"artifacts:vampiric_glove":1,"minecraft:redstone":19,"vampirism:vampire_fang":1,"minecraft:spruce_log":112,"born_in_chaos_v1:pieceofdarkmetal":2,"minecraft:carrot":2,"mekanism:raw_osmium":2,"minecraft:spider_eye":1,"mekanism:raw_tin":2,"byg:holly_log":16,"minecraft:stone_sword":1,"minecraft:arrow":12,"minecraft:rotten_flesh":75,"minecraft:diamond":1,"mekanism:fluorite_gem":8,"byg:rocky_stone":21,"minecraft:coal":11,"minecraft:skeleton_skull":3,"minecraft:cobblestone":339,"minecraft:ender_pearl":1},"minecraft:dropped":{"minecraft:wheat_seeds":1,"minecraft:bowl":1,"minecraft:deepslate":1,"byg:rose":1,"minecraft:lead":2,"dannys_expansion:foamshroom_stem":1,"minecraft:gunpowder":2,"byg:crocus":2},"minecraft:custom":{"minecraft:interact_with_furnace":1,"minecraft:mob_kills":150,"minecraft:open_barrel":4,"minecraft:damage_dealt_resisted":1444,"minecraft:leave_game":7,"minecraft:time_since_death":1859,"minecraft:damage_resisted":2610,"minecraft:time_since_rest":5,"minecraft:sprint_one_cm":74589,"minecraft:damage_taken":1466,"minecraft:walk_one_cm":117034,"minecraft:drop":9,"minecraft:damage_dealt":16082,"minecraft:swim_one_cm":6367,"minecraft:fly_one_cm":291140,"minecraft:open_chest":1,"minecraft:deaths":2,"minecraft:play_time":58432,"minecraft:crouch_one_cm":1154,"minecraft:sneak_time":767,"minecraft:walk_under_water_one_cm":1336,"minecraft:interact_with_brewingstand":1,"minecraft:jump":603,"minecraft:walk_on_water_one_cm":5110,"minecraft:total_world_time":58432,"minecraft:fall_one_cm":24126}},"DataVersion":2975}