{"stats":{"minecraft:used":{"minecraft:item_frame":3,"minecraft:dirt":5,"minecraft:dirt_path":1,"minecraft:quartz_slab":40,"minecraft:grass_block":6,"minecraft:light_gray_carpet":20,"minecraft:quartz_block":9,"tconstruct:excavator":25,"minecraft:stone":45,"minecraft:redstone_block":3,"minecraft:quartz_stairs":8},"minecraft:killed":{"grimoireofgaia:cobble_golem":2},"minecraft:picked_up":{"minecraft:item_frame":1,"minecraft:command_block":1,"minecraft:iron_nugget":2,"gravestone:obituary":3},"minecraft:custom":{"minecraft:time_since_rest":45937,"minecraft:play_time":45937,"minecraft:sprint_one_cm":10638,"minecraft:walk_one_cm":33610,"minecraft:sneak_time":386,"minecraft:walk_under_water_one_cm":285,"minecraft:mob_kills":2,"minecraft:jump":23,"minecraft:damage_dealt":802,"minecraft:time_since_death":45937,"minecraft:walk_on_water_one_cm":141,"minecraft:total_world_time":45937,"minecraft:fly_one_cm":140733}},"DataVersion":2975}