{"stats":{"minecraft:dropped":{"minecraft:quartz_block":1},"minecraft:used":{"minecraft:tube_coral_fan":4,"minecraft:water_bucket":56,"minecraft:flower_pot":11,"minecraft:end_rod":16,"minecraft:sea_lantern":15,"minecraft:netherite_shovel":9,"minecraft:dirt_path":15,"minecraft:quartz_pillar":14,"minecraft:quartz_slab":308,"minecraft:heavy_weighted_pressure_plate":4,"minecraft:grass_block":28,"minecraft:quartz_block":67,"minecraft:stone_button":4,"minecraft:bubble_coral_fan":5,"minecraft:light_gray_carpet":20,"tconstruct:excavator":59,"minecraft:stone":45,"minecraft:redstone_block":3,"minecraft:quartz_stairs":8,"minecraft:bubble_coral":5,"minecraft:item_frame":3,"minecraft:tube_coral":5,"minecraft:oak_leaves":19,"minecraft:glowstone":12,"minecraft:dirt":5,"minecraft:horn_coral":3,"minecraft:fire_coral":4,"minecraft:fire_coral_fan":3,"minecraft:seagrass":15,"minecraft:smooth_stone":48},"minecraft:killed":{"grimoireofgaia:cobble_golem":2},"minecraft:picked_up":{"gravestone:obituary":3,"minecraft:quartz_block":1,"minecraft:item_frame":1,"minecraft:command_block":1,"minecraft:iron_nugget":2},"minecraft:custom":{"minecraft:time_since_rest":75937,"minecraft:sprint_one_cm":29197,"minecraft:walk_one_cm":87334,"minecraft:mob_kills":2,"minecraft:drop":1,"minecraft:damage_dealt":802,"minecraft:fly_one_cm":218938,"minecraft:crouch_one_cm":2,"minecraft:play_time":75937,"minecraft:sneak_time":773,"minecraft:walk_under_water_one_cm":313,"minecraft:pot_flower":9,"minecraft:jump":88,"minecraft:walk_on_water_one_cm":14823,"minecraft:time_since_death":75937,"minecraft:total_world_time":75937}},"DataVersion":2975}