{"stats":{"minecraft:used":{"minecraft:item_frame":3,"minecraft:dirt":5,"minecraft:dirt_path":1,"minecraft:grass_block":6,"tconstruct:excavator":25,"minecraft:stone":27,"minecraft:redstone_block":3},"minecraft:killed":{"grimoireofgaia:cobble_golem":2},"minecraft:picked_up":{"minecraft:item_frame":1,"minecraft:command_block":1,"minecraft:iron_nugget":2,"gravestone:obituary":3},"minecraft:custom":{"minecraft:time_since_rest":21937,"minecraft:play_time":21937,"minecraft:sprint_one_cm":6012,"minecraft:walk_one_cm":17050,"minecraft:sneak_time":331,"minecraft:walk_under_water_one_cm":285,"minecraft:mob_kills":2,"minecraft:jump":16,"minecraft:damage_dealt":802,"minecraft:time_since_death":21937,"minecraft:walk_on_water_one_cm":141,"minecraft:total_world_time":21937,"minecraft:fly_one_cm":137271}},"DataVersion":2975}