{"stats":{"minecraft:used":{"minecraft:item_frame":3,"tconstruct:excavator":25,"minecraft:dirt":5,"minecraft:stone":23,"minecraft:redstone_block":3,"minecraft:dirt_path":1,"minecraft:grass_block":6},"minecraft:picked_up":{"minecraft:item_frame":1,"gravestone:obituary":3,"minecraft:command_block":1},"minecraft:custom":{"minecraft:jump":11,"minecraft:time_since_rest":9937,"minecraft:walk_on_water_one_cm":141,"minecraft:sprint_one_cm":3934,"minecraft:play_time":9937,"minecraft:time_since_death":9937,"minecraft:walk_one_cm":12740,"minecraft:sneak_time":261,"minecraft:total_world_time":9937,"minecraft:walk_under_water_one_cm":285,"minecraft:fly_one_cm":123275}},"DataVersion":2975}