{"stats":{"minecraft:used":{"minecraft:beetroot":4,"minecraft:iron_bars":6,"minecraft:iron_shovel":24,"born_in_chaos_v1:ethereal_spirit":9,"born_in_chaos_v1:intoxicating_decoction":1,"minecraft:shield":3,"minecraft:iron_sword":178,"minecraft:smooth_sandstone_stairs":1,"minecraft:torch":63,"minecraft:dirt":1,"ecologics:prickly_pear":1,"minecraft:dark_oak_planks":18,"minecraft:smooth_quartz":12,"minecraft:furnace":2,"minecraft:cooked_beef":1,"minecraft:wheat_seeds":33,"minecraft:leather_leggings":1,"minecraft:sandstone":39,"vampirism:human_heart":2,"minecraft:white_wool":1,"minecraft:sand":6,"minecraft:yellow_terracotta":7,"minecraft:crafting_table":3,"minecraft:chiseled_quartz_block":3,"minecraft:light_gray_concrete":5,"minecraft:cyan_bed":1,"minecraft:bread":20,"minecraft:iron_pickaxe":145,"minecraft:stone_axe":5,"minecraft:potion":3,"minecraft:cobblestone":35,"travelersbackpack:standard":7,"minecraft:smithing_table":1,"minecraft:bucket":5,"travelersbackpack:cyan_sleeping_bag":1,"minecraft:experience_bottle":1},"minecraft:mined":{"minecraft:dark_oak_planks":6,"minecraft:yellow_terracotta":7,"minecraft:blackstone_stairs":1,"minecraft:light_blue_carpet":1,"gravestone:gravestone":4,"minecraft:grass_block":1,"minecraft:coal_block":7,"minecraft:hopper":2,"minecraft:sandstone":4,"minecraft:sandstone_stairs":3,"minecraft:spawner":4,"minecraft:hay_block":6,"minecraft:black_stained_glass_pane":2,"minecraft:tall_seagrass":3,"minecraft:furnace":2,"minecraft:carrots":9,"minecraft:iron_ore":6,"minecraft:chiseled_sandstone":4,"minecraft:bookshelf":2,"minecraft:iron_bars":6,"minecraft:light_gray_concrete":9,"minecraft:smooth_sandstone_stairs":1,"minecraft:stone":44,"minecraft:white_wool":2,"minecraft:cut_sandstone":1,"minecraft:scaffolding":10,"minecraft:gray_concrete":3,"minecraft:blackstone":1,"travelersbackpack:standard":2,"minecraft:chiseled_quartz_block":6,"minecraft:smooth_sandstone":1,"minecraft:torch":1,"minecraft:dead_bush":7,"byg:firecracker_flower_bush":1,"minecraft:cobblestone":5,"minecraft:cyan_bed":1,"farmersdelight:wild_tomatoes":1,"minecraft:sugar_cane":7,"minecraft:wall_torch":1,"minecraft:cyan_wool":2,"minecraft:cactus":1,"minecraft:light_gray_stained_glass":4,"minecraft:wheat":11,"minecraft:grass":1,"minecraft:coal_ore":1,"minecraft:beetroots":13,"minecraft:sand":26,"minecraft:smooth_quartz":19,"minecraft:cobweb":1,"minecraft:terracotta":1},"minecraft:crafted":{"minecraft:coal":9,"minecraft:glass":12,"minecraft:dark_oak_planks":52,"minecraft:wheat":63,"minecraft:emerald":4,"minecraft:crafting_table":3,"minecraft:iron_sword":1,"minecraft:smithing_table":1,"minecraft:air":0,"travelersbackpack:cyan_sleeping_bag":1,"minecraft:shield":1,"minecraft:stick":4,"vampirism:human_heart":18,"minecraft:sandstone":2,"minecraft:torch":12},"minecraft:killed":{"born_in_chaos_v1:zombie_clown":1,"vampirism:vampire":2,"vampirism:advanced_vampire":1,"born_in_chaos_v1:restless_spirit":3,"minecraft:spider":6,"minecraft:skeleton":4,"grimoireofgaia:gravemite":2,"minecraft:magma_cube":1,"dannys_expansion:desertic_slime":2,"minecraft:iron_golem":1,"grimoireofgaia:cecaelia":1,"dannys_expansion:ghoul":2,"born_in_chaos_v1:decrepit_skeleton":1,"vampirism:hunter":1,"grimoireofgaia:mummy":1,"minecraft:zombie":2,"minecraft:villager":1},"minecraft:killed_by":{"vampirism:advanced_vampire":1,"minecraft:player":2,"minecraft:iron_golem":1,"vampirism:hunter":2},"minecraft:picked_up":{"minecraft:wheat":11,"tconstruct:materials_and_you":1,"gravestone:obituary":9,"minecraft:string":8,"born_in_chaos_v1:intoxicating_decoction":1,"minecraft:iron_shovel":3,"minecraft:beetroot":6,"minecraft:gold_nugget":2,"minecraft:cyan_wool":2,"minecraft:iron_nugget":2,"minecraft:iron_pickaxe":1,"minecraft:smooth_quartz":20,"minecraft:coal_block":7,"minecraft:sugar_cane":19,"minecraft:furnace":2,"minecraft:raw_iron":6,"minecraft:sandstone":4,"minecraft:stick":9,"minecraft:torch":5,"vampirism:vampire_fang":2,"minecraft:carrot":34,"minecraft:dark_oak_planks":6,"minecraft:cactus":6,"minecraft:arrow":5,"minecraft:rotten_flesh":12,"minecraft:hay_block":7,"minecraft:sandstone_stairs":1,"minecraft:yellow_terracotta":7,"artifacts:cross_necklace":3,"minecraft:blackstone_stairs":1,"minecraft:iron_bars":6,"minecraft:cobblestone":48,"minecraft:white_wool":2,"vampirism:vampire_blood_bottle":1,"minecraft:cooked_beef":3,"minecraft:repeater":1,"minecraft:chiseled_quartz_block":7,"minecraft:smooth_sandstone_stairs":1,"minecraft:gunpowder":3,"byg:firecracker_flower_bush":1,"minecraft:dirt":1,"minecraft:smooth_sandstone":1,"minecraft:bone":15,"minecraft:wheat_seeds":33,"minecraft:iron_ingot":3,"artifacts:antidote_vessel":4,"minecraft:glass_bottle":2,"minecraft:book":6,"minecraft:scaffolding":28,"ecologics:prickly_pear":4,"born_in_chaos_v1:ethereal_spirit":5,"minecraft:sand":24,"minecraft:cyan_bed":1,"minecraft:chiseled_sandstone":4,"minecraft:spider_eye":4,"grimoireofgaia:shiny_pearl":1,"travelersbackpack:standard":2,"minecraft:light_gray_concrete":8,"minecraft:clay":1,"minecraft:diamond":1,"minecraft:terracotta":1,"minecraft:coal":1,"minecraft:hopper":2},"minecraft:dropped":{"vampirism:item_garlic":1,"minecraft:clay":1,"minecraft:cooked_beef":3,"minecraft:glass_bottle":2,"grimoireofgaia:shiny_pearl":1,"farmersdelight:rice":3,"minecraft:stick":9,"tconstruct:materials_and_you":1,"byg:firecracker_flower_bush":1,"minecraft:repeater":1,"minecraft:smooth_quartz":8,"gravestone:obituary":13,"minecraft:gold_nugget":2,"minecraft:sand":6,"minecraft:cactus":6,"minecraft:iron_shovel":2,"minecraft:iron_nugget":2,"minecraft:chiseled_quartz_block":4,"minecraft:wheat":8,"born_in_chaos_v1:ethereal_spirit":5,"minecraft:beetroot":2,"ecologics:prickly_pear":3,"minecraft:potato":3,"minecraft:skeleton_skull":1,"artifacts:antidote_vessel":2,"minecraft:spider_eye":2,"minecraft:arrow":4},"minecraft:custom":{"minecraft:interact_with_smithing_table":2,"minecraft:mob_kills":34,"minecraft:interact_with_crafting_table":13,"minecraft:damage_dealt_resisted":366,"minecraft:leave_game":3,"minecraft:time_since_death":48120,"minecraft:climb_one_cm":11199,"minecraft:sprint_one_cm":381119,"minecraft:walk_one_cm":340087,"minecraft:damage_blocked_by_shield":60,"minecraft:drop":65,"minecraft:talked_to_villager":13,"minecraft:play_time":108768,"minecraft:deaths":8,"minecraft:sneak_time":4945,"minecraft:walk_under_water_one_cm":10669,"minecraft:jump":1154,"minecraft:walk_on_water_one_cm":8113,"minecraft:total_world_time":108768,"minecraft:interact_with_furnace":12,"minecraft:traded_with_villager":6,"minecraft:tune_noteblock":2,"minecraft:sleep_in_bed":2,"minecraft:time_since_rest":33,"minecraft:waystone_activated":1,"minecraft:damage_taken":10492,"minecraft:damage_dealt":8590,"minecraft:swim_one_cm":29878,"minecraft:fly_one_cm":308278,"minecraft:open_chest":77,"minecraft:crouch_one_cm":13211,"minecraft:fall_one_cm":16791}},"DataVersion":2975}