{"stats":{"minecraft:used":{"minecraft:dirt":1},"minecraft:mined":{"minecraft:cactus":1,"minecraft:tall_seagrass":3,"minecraft:grass_block":1,"minecraft:dead_bush":6,"byg:firecracker_flower_bush":1},"minecraft:killed_by":{"minecraft:player":2},"minecraft:picked_up":{"minecraft:bone":1,"minecraft:stick":5,"minecraft:cactus":6,"ecologics:prickly_pear":4,"minecraft:gold_nugget":2,"tconstruct:materials_and_you":1,"gravestone:obituary":4,"minecraft:gunpowder":1,"minecraft:string":1,"minecraft:spider_eye":2,"byg:firecracker_flower_bush":1,"minecraft:dirt":1},"minecraft:dropped":{"gravestone:obituary":7,"byg:firecracker_flower_bush":1,"minecraft:stick":5,"minecraft:spider_eye":1},"minecraft:custom":{"minecraft:open_chest":12,"minecraft:time_since_rest":10644,"minecraft:crouch_one_cm":188,"minecraft:sprint_one_cm":96365,"minecraft:play_time":17296,"minecraft:damage_taken":8346,"minecraft:deaths":4,"minecraft:walk_one_cm":34712,"minecraft:sneak_time":103,"minecraft:walk_under_water_one_cm":3078,"minecraft:drop":14,"minecraft:jump":382,"minecraft:damage_dealt":87,"minecraft:leave_game":1,"minecraft:walk_on_water_one_cm":972,"minecraft:time_since_death":10609,"minecraft:climb_one_cm":1651,"minecraft:total_world_time":17296,"minecraft:swim_one_cm":15161,"minecraft:fall_one_cm":5904,"minecraft:fly_one_cm":124337}},"DataVersion":2975}