{"stats":{"minecraft:used":{"minecraft:iron_sword":33,"minecraft:torch":1,"minecraft:dirt":1,"minecraft:sand":4,"minecraft:yellow_terracotta":7,"minecraft:crafting_table":2,"minecraft:chiseled_quartz_block":3,"ecologics:prickly_pear":1,"minecraft:light_gray_concrete":5,"minecraft:cyan_bed":1,"minecraft:bread":1,"minecraft:iron_pickaxe":53,"minecraft:smooth_quartz":4},"minecraft:mined":{"minecraft:yellow_terracotta":7,"minecraft:gray_concrete":3,"minecraft:chiseled_quartz_block":4,"minecraft:grass_block":1,"minecraft:dead_bush":6,"byg:firecracker_flower_bush":1,"minecraft:coal_block":7,"minecraft:cyan_bed":1,"minecraft:tall_seagrass":3,"minecraft:black_stained_glass_pane":2,"minecraft:cactus":1,"minecraft:furnace":2,"minecraft:light_gray_stained_glass":4,"minecraft:light_gray_concrete":9,"minecraft:smooth_quartz":14,"minecraft:cobweb":1,"minecraft:terracotta":1},"minecraft:crafted":{"minecraft:coal":9,"minecraft:crafting_table":2,"minecraft:iron_sword":1,"minecraft:shield":1,"minecraft:stick":4,"minecraft:dark_oak_planks":52,"minecraft:torch":12},"minecraft:killed":{"minecraft:magma_cube":1,"minecraft:skeleton":2},"minecraft:killed_by":{"minecraft:player":2},"minecraft:picked_up":{"minecraft:repeater":1,"tconstruct:materials_and_you":1,"minecraft:chiseled_quartz_block":4,"gravestone:obituary":4,"minecraft:gunpowder":1,"byg:firecracker_flower_bush":1,"minecraft:string":1,"minecraft:dirt":1,"minecraft:iron_shovel":1,"minecraft:bone":9,"minecraft:gold_nugget":2,"minecraft:iron_pickaxe":1,"minecraft:smooth_quartz":12,"minecraft:sugar_cane":2,"minecraft:coal_block":7,"minecraft:furnace":2,"minecraft:stick":5,"ecologics:prickly_pear":4,"minecraft:cyan_bed":1,"minecraft:spider_eye":2,"minecraft:light_gray_concrete":8,"minecraft:cactus":6,"minecraft:arrow":4,"minecraft:hay_block":1,"minecraft:yellow_terracotta":7,"minecraft:terracotta":1},"minecraft:dropped":{"minecraft:chiseled_quartz_block":1,"ecologics:prickly_pear":3,"minecraft:stick":5,"byg:firecracker_flower_bush":1,"minecraft:skeleton_skull":1,"minecraft:repeater":1,"artifacts:antidote_vessel":1,"gravestone:obituary":7,"minecraft:spider_eye":1,"minecraft:sand":4},"minecraft:custom":{"minecraft:mob_kills":3,"minecraft:interact_with_crafting_table":3,"minecraft:tune_noteblock":2,"minecraft:leave_game":1,"minecraft:time_since_death":22609,"minecraft:climb_one_cm":8241,"minecraft:time_since_rest":22644,"minecraft:sprint_one_cm":110994,"minecraft:damage_taken":8406,"minecraft:walk_one_cm":84870,"minecraft:drop":25,"minecraft:damage_dealt":857,"minecraft:swim_one_cm":15161,"minecraft:fly_one_cm":135817,"minecraft:open_chest":24,"minecraft:crouch_one_cm":5641,"minecraft:play_time":29296,"minecraft:deaths":4,"minecraft:sneak_time":1868,"minecraft:walk_under_water_one_cm":3078,"minecraft:jump":457,"minecraft:walk_on_water_one_cm":972,"minecraft:total_world_time":29296,"minecraft:fall_one_cm":7187}},"DataVersion":2975}