{"stats":{"minecraft:used":{"minecraft:iron_sword":62,"minecraft:torch":1,"minecraft:dirt":1,"minecraft:sand":4,"minecraft:yellow_terracotta":7,"minecraft:crafting_table":2,"minecraft:chiseled_quartz_block":3,"ecologics:prickly_pear":1,"minecraft:light_gray_concrete":5,"minecraft:cyan_bed":1,"minecraft:bread":7,"minecraft:iron_pickaxe":57,"minecraft:smooth_quartz":5},"minecraft:mined":{"minecraft:yellow_terracotta":7,"minecraft:scaffolding":10,"minecraft:gray_concrete":3,"minecraft:chiseled_quartz_block":6,"gravestone:gravestone":1,"minecraft:grass_block":1,"minecraft:dead_bush":6,"byg:firecracker_flower_bush":1,"minecraft:coal_block":7,"minecraft:sugar_cane":2,"minecraft:cyan_bed":1,"minecraft:hopper":2,"minecraft:wall_torch":1,"minecraft:tall_seagrass":3,"minecraft:black_stained_glass_pane":2,"minecraft:cactus":1,"minecraft:furnace":2,"minecraft:light_gray_stained_glass":4,"minecraft:grass":1,"minecraft:light_gray_concrete":9,"minecraft:smooth_quartz":14,"minecraft:cobweb":1,"minecraft:terracotta":1},"minecraft:crafted":{"minecraft:coal":9,"minecraft:crafting_table":2,"minecraft:iron_sword":1,"minecraft:shield":1,"minecraft:stick":4,"minecraft:dark_oak_planks":52,"minecraft:torch":12,"minecraft:wheat":9},"minecraft:killed":{"minecraft:magma_cube":1,"vampirism:vampire":1,"dannys_expansion:desertic_slime":2,"vampirism:advanced_vampire":1,"born_in_chaos_v1:restless_spirit":1,"born_in_chaos_v1:decrepit_skeleton":1,"minecraft:skeleton":2},"minecraft:killed_by":{"minecraft:player":2,"minecraft:iron_golem":1},"minecraft:picked_up":{"vampirism:vampire_blood_bottle":1,"minecraft:repeater":1,"tconstruct:materials_and_you":1,"minecraft:chiseled_quartz_block":7,"gravestone:obituary":6,"minecraft:gunpowder":1,"byg:firecracker_flower_bush":1,"minecraft:string":1,"minecraft:dirt":1,"minecraft:iron_shovel":3,"minecraft:bone":11,"minecraft:gold_nugget":2,"artifacts:antidote_vessel":1,"minecraft:iron_pickaxe":1,"minecraft:smooth_quartz":15,"minecraft:sugar_cane":7,"minecraft:coal_block":7,"minecraft:furnace":2,"minecraft:scaffolding":28,"minecraft:stick":5,"ecologics:prickly_pear":4,"minecraft:torch":1,"minecraft:cyan_bed":1,"minecraft:spider_eye":2,"minecraft:light_gray_concrete":8,"minecraft:cactus":6,"minecraft:arrow":4,"minecraft:rotten_flesh":6,"minecraft:diamond":1,"minecraft:hay_block":1,"artifacts:cross_necklace":1,"minecraft:yellow_terracotta":7,"minecraft:terracotta":1,"minecraft:hopper":2},"minecraft:dropped":{"minecraft:chiseled_quartz_block":4,"ecologics:prickly_pear":3,"farmersdelight:rice":3,"minecraft:stick":5,"minecraft:potato":3,"byg:firecracker_flower_bush":1,"minecraft:skeleton_skull":1,"minecraft:repeater":1,"artifacts:antidote_vessel":1,"minecraft:gold_nugget":2,"gravestone:obituary":9,"minecraft:spider_eye":1,"minecraft:sand":4,"minecraft:cactus":6,"minecraft:iron_shovel":2},"minecraft:custom":{"minecraft:mob_kills":8,"minecraft:interact_with_crafting_table":4,"minecraft:tune_noteblock":2,"minecraft:leave_game":1,"minecraft:time_since_death":5765,"minecraft:climb_one_cm":9587,"minecraft:time_since_rest":5809,"minecraft:waystone_activated":1,"minecraft:sprint_one_cm":151083,"minecraft:damage_taken":8960,"minecraft:walk_one_cm":125982,"minecraft:drop":35,"minecraft:damage_dealt":2417,"minecraft:swim_one_cm":15161,"minecraft:talked_to_villager":1,"minecraft:fly_one_cm":169078,"minecraft:open_chest":31,"minecraft:crouch_one_cm":5805,"minecraft:play_time":41296,"minecraft:deaths":5,"minecraft:sneak_time":2041,"minecraft:walk_under_water_one_cm":9397,"minecraft:jump":577,"minecraft:walk_on_water_one_cm":4321,"minecraft:total_world_time":41296,"minecraft:fall_one_cm":8985}},"DataVersion":2975}