{"stats":{"minecraft:used":{"minecraft:beetroot":4,"minecraft:wheat_seeds":33,"minecraft:iron_shovel":17,"born_in_chaos_v1:ethereal_spirit":9,"born_in_chaos_v1:intoxicating_decoction":1,"vampirism:human_heart":1,"minecraft:iron_sword":130,"minecraft:torch":1,"minecraft:white_wool":1,"minecraft:sand":6,"minecraft:dirt":1,"minecraft:yellow_terracotta":7,"minecraft:crafting_table":2,"minecraft:chiseled_quartz_block":3,"ecologics:prickly_pear":1,"minecraft:light_gray_concrete":5,"minecraft:bread":17,"minecraft:cyan_bed":1,"minecraft:iron_pickaxe":62,"minecraft:smooth_quartz":12,"minecraft:furnace":2,"minecraft:experience_bottle":1},"minecraft:mined":{"minecraft:yellow_terracotta":7,"minecraft:scaffolding":10,"minecraft:gray_concrete":3,"minecraft:chiseled_quartz_block":6,"gravestone:gravestone":4,"minecraft:grass_block":1,"minecraft:dead_bush":7,"minecraft:coal_block":7,"byg:firecracker_flower_bush":1,"farmersdelight:wild_tomatoes":1,"minecraft:sugar_cane":6,"minecraft:hopper":2,"minecraft:cyan_bed":1,"minecraft:wall_torch":1,"minecraft:hay_block":6,"minecraft:tall_seagrass":3,"minecraft:cyan_wool":2,"minecraft:black_stained_glass_pane":2,"minecraft:cactus":1,"minecraft:furnace":2,"minecraft:carrots":9,"minecraft:light_gray_stained_glass":4,"minecraft:wheat":11,"minecraft:grass":1,"minecraft:beetroots":13,"minecraft:light_gray_concrete":9,"minecraft:sand":17,"minecraft:smooth_quartz":19,"minecraft:cobweb":1,"minecraft:terracotta":1,"minecraft:white_wool":2},"minecraft:crafted":{"minecraft:coal":9,"minecraft:emerald":4,"minecraft:crafting_table":2,"minecraft:iron_sword":1,"minecraft:air":0,"travelersbackpack:cyan_sleeping_bag":1,"minecraft:glass":12,"minecraft:shield":1,"minecraft:stick":4,"vampirism:human_heart":18,"minecraft:dark_oak_planks":52,"minecraft:torch":12,"minecraft:wheat":63},"minecraft:killed":{"born_in_chaos_v1:zombie_clown":1,"minecraft:magma_cube":1,"vampirism:vampire":2,"dannys_expansion:desertic_slime":2,"vampirism:advanced_vampire":1,"born_in_chaos_v1:restless_spirit":2,"minecraft:spider":1,"minecraft:iron_golem":1,"dannys_expansion:ghoul":2,"born_in_chaos_v1:decrepit_skeleton":1,"vampirism:hunter":1,"minecraft:skeleton":2,"grimoireofgaia:mummy":1,"grimoireofgaia:gravemite":2,"minecraft:villager":1},"minecraft:killed_by":{"vampirism:advanced_vampire":1,"minecraft:player":2,"minecraft:iron_golem":1,"vampirism:hunter":2},"minecraft:picked_up":{"minecraft:wheat":11,"vampirism:vampire_blood_bottle":1,"minecraft:repeater":1,"tconstruct:materials_and_you":1,"minecraft:chiseled_quartz_block":7,"gravestone:obituary":9,"minecraft:gunpowder":3,"byg:firecracker_flower_bush":1,"minecraft:string":2,"minecraft:dirt":1,"born_in_chaos_v1:intoxicating_decoction":1,"minecraft:iron_shovel":3,"minecraft:bone":14,"minecraft:beetroot":6,"minecraft:wheat_seeds":33,"minecraft:gold_nugget":2,"minecraft:iron_ingot":3,"minecraft:cyan_wool":2,"minecraft:iron_nugget":1,"minecraft:smooth_quartz":20,"minecraft:iron_pickaxe":1,"artifacts:antidote_vessel":4,"minecraft:glass_bottle":1,"minecraft:sugar_cane":7,"minecraft:coal_block":7,"minecraft:furnace":2,"minecraft:scaffolding":28,"minecraft:stick":9,"ecologics:prickly_pear":4,"minecraft:torch":2,"born_in_chaos_v1:ethereal_spirit":4,"minecraft:sand":14,"vampirism:vampire_fang":2,"minecraft:carrot":34,"minecraft:cyan_bed":1,"minecraft:spider_eye":3,"minecraft:light_gray_concrete":8,"minecraft:arrow":4,"minecraft:cactus":6,"minecraft:rotten_flesh":9,"minecraft:diamond":1,"minecraft:hay_block":7,"artifacts:cross_necklace":3,"minecraft:yellow_terracotta":7,"minecraft:terracotta":1,"minecraft:hopper":2,"minecraft:white_wool":2},"minecraft:dropped":{"minecraft:iron_nugget":1,"minecraft:chiseled_quartz_block":4,"minecraft:glass_bottle":1,"minecraft:wheat":8,"born_in_chaos_v1:ethereal_spirit":4,"minecraft:beetroot":2,"ecologics:prickly_pear":3,"farmersdelight:rice":3,"minecraft:stick":9,"minecraft:potato":3,"tconstruct:materials_and_you":1,"byg:firecracker_flower_bush":1,"minecraft:skeleton_skull":1,"minecraft:repeater":1,"minecraft:smooth_quartz":8,"artifacts:antidote_vessel":2,"minecraft:spider_eye":2,"gravestone:obituary":13,"minecraft:gold_nugget":2,"minecraft:sand":4,"minecraft:arrow":4,"minecraft:cactus":6,"minecraft:iron_shovel":2},"minecraft:custom":{"minecraft:interact_with_furnace":11,"minecraft:mob_kills":23,"minecraft:traded_with_villager":6,"minecraft:interact_with_crafting_table":7,"minecraft:tune_noteblock":2,"minecraft:damage_dealt_resisted":366,"minecraft:leave_game":3,"minecraft:time_since_death":4312,"minecraft:climb_one_cm":11199,"minecraft:sleep_in_bed":1,"minecraft:waystone_activated":1,"minecraft:time_since_rest":4335,"minecraft:damage_taken":10217,"minecraft:sprint_one_cm":249180,"minecraft:walk_one_cm":229980,"minecraft:drop":56,"minecraft:damage_dealt":6395,"minecraft:swim_one_cm":15161,"minecraft:talked_to_villager":13,"minecraft:fly_one_cm":267625,"minecraft:open_chest":31,"minecraft:crouch_one_cm":6586,"minecraft:play_time":64960,"minecraft:deaths":8,"minecraft:sneak_time":2861,"minecraft:walk_under_water_one_cm":9397,"minecraft:jump":934,"minecraft:walk_on_water_one_cm":4637,"minecraft:total_world_time":64960,"minecraft:fall_one_cm":13341}},"DataVersion":2975}