{"stats":{"minecraft:used":{"byg:firecracker_flower_bush":1,"minecraft:stone_pickaxe":74,"minecraft:wooden_pickaxe":2,"byg:joshua_sapling":1,"byg:soapstone":26,"minecraft:rotten_flesh":1,"minecraft:stone_axe":59,"minecraft:sand":4,"minecraft:dirt":5,"byg:joshua_fruit":12,"minecraft:crafting_table":3},"minecraft:mined":{"untamedwilds:block_burrow":1,"byg:soapstone":42,"ecologics:pot":5,"byg:joshua_leaves":1,"byg:red_rock":1,"minecraft:crafting_table":3,"untamedwilds:flora_common_reed":1,"gravestone:gravestone":1,"minecraft:coal_ore":25,"minecraft:grass":9,"minecraft:grass_block":1,"minecraft:oak_log":37,"minecraft:purple_carpet":3,"minecraft:sand":5,"minecraft:dirt":5,"byg:firecracker_flower_bush":1,"occultism:silver_ore":2,"minecraft:sugar_cane":5,"minecraft:sandstone":1},"minecraft:crafted":{"minecraft:oak_planks":144,"minecraft:crafting_table":1,"minecraft:stick":8,"minecraft:wooden_pickaxe":1,"minecraft:stone_pickaxe":1,"minecraft:stone_axe":1},"minecraft:killed":{"ecologics:squirrel":1,"born_in_chaos_v1:skeleton_demoman":1,"born_in_chaos_v1:corpse_fly":7,"alexsmobs:tarantula_hawk":1,"born_in_chaos_v1:decrepit_skeleton":1},"minecraft:picked_up":{"born_in_chaos_v1:corpse_maggot":7,"byg:soapstone":42,"minecraft:stick":1,"minecraft:crafting_table":3,"byg:joshua_fruit":12,"untamedwilds:flora_common_reed":4,"tconstruct:materials_and_you":1,"occultism:raw_silver":2,"minecraft:sand":6,"byg:joshua_sapling":4,"minecraft:oak_log":36,"gravestone:obituary":4,"minecraft:spider_eye":2,"minecraft:gunpowder":3,"minecraft:string":3,"byg:firecracker_flower_bush":1,"minecraft:dirt":5,"byg:red_rock":1,"minecraft:purple_carpet":4,"minecraft:bone":4,"minecraft:rotten_flesh":4,"minecraft:gold_nugget":2,"minecraft:iron_nugget":2,"minecraft:sugar_cane":13,"minecraft:coal":25},"minecraft:killed_by":{"dannys_expansion:desertic_slime":1,"minecraft:player":2},"minecraft:dropped":{"gravestone:obituary":7,"minecraft:purple_carpet":1},"minecraft:custom":{"minecraft:time_since_rest":152,"minecraft:sprint_one_cm":74645,"minecraft:damage_taken":8922,"minecraft:walk_one_cm":77522,"minecraft:mob_kills":11,"minecraft:drop":8,"minecraft:damage_dealt":2769,"minecraft:player_kills":5,"minecraft:interact_with_crafting_table":5,"minecraft:swim_one_cm":14256,"minecraft:fly_one_cm":149326,"minecraft:crouch_one_cm":3877,"minecraft:play_time":27392,"minecraft:deaths":4,"minecraft:sneak_time":1380,"minecraft:walk_under_water_one_cm":2421,"minecraft:jump":711,"minecraft:leave_game":2,"minecraft:time_since_death":0,"minecraft:walk_on_water_one_cm":1894,"minecraft:total_world_time":27392,"minecraft:fall_one_cm":8381}},"DataVersion":2975}