{"stats":{"minecraft:used":{"minecraft:stone_sword":31,"byg:firecracker_flower_bush":1,"minecraft:flint_and_steel":2,"minecraft:chest":1,"minecraft:shield":99,"minecraft:iron_sword":222,"byg:joshua_sapling":1,"minecraft:cooked_salmon":1,"minecraft:rotten_flesh":1,"minecraft:iron_chestplate":1,"minecraft:oak_door":1,"minecraft:torch":29,"minecraft:dirt":8,"minecraft:jungle_planks":151,"minecraft:acacia_sapling":1,"minecraft:dark_oak_planks":13,"minecraft:wooden_axe":5,"minecraft:iron_axe":37,"minecraft:jungle_log":4,"minecraft:smooth_sandstone":4,"carryon:entity_item":1,"minecraft:furnace":7,"untamedwilds:food_turtle_cooked":2,"alexsmobs:banana":1,"minecraft:egg":1,"minecraft:acacia_planks":5,"minecraft:water_bucket":50,"minecraft:stone_pickaxe":231,"minecraft:oak_planks":34,"farmersdelight:golden_knife":8,"minecraft:wooden_pickaxe":8,"minecraft:golden_apple":4,"minecraft:sand":20,"minecraft:crafting_table":26,"minecraft:red_bed":1,"minecraft:apple":3,"born_in_chaos_v1:monster_flesh":1,"minecraft:chicken":1,"minecraft:iron_pickaxe":109,"minecraft:melon_slice":25,"minecraft:bread":27,"byg:soapstone":26,"orcz:big_bone_1":1,"minecraft:stone_axe":402,"minecraft:cobblestone":109,"byg:joshua_fruit":14,"minecraft:porkchop":1,"minecraft:cooked_porkchop":1,"minecraft:bucket":51},"minecraft:mined":{"minecraft:dark_oak_planks":6,"minecraft:deepslate_diamond_ore":1,"minecraft:dark_oak_log":3,"orcz:palisadedarkoak":1,"born_in_chaos_v1:infected_diamond_ore":2,"gravestone:gravestone":3,"minecraft:dark_oak_fence":6,"minecraft:acacia_log":7,"minecraft:grass_block":9,"minecraft:jungle_planks":30,"minecraft:jungle_log":101,"occultism:silver_ore_deepslate":8,"minecraft:sandstone":1,"byg:brown_mushroom_stem":2,"minecraft:furnace":7,"minecraft:carrots":4,"byg:joshua_leaves":2,"minecraft:iron_ore":2,"minecraft:fire":5,"minecraft:deepslate_lapis_ore":1,"minecraft:pointed_dripstone":2,"minecraft:vine":8,"minecraft:purple_carpet":3,"byg:white_cherry_leaves":1,"occultism:silver_ore":2,"minecraft:stone":130,"orcz:scrapblock":3,"minecraft:cut_sandstone":1,"minecraft:acacia_leaves":1,"ecologics:pot":6,"minecraft:red_bed":1,"byg:white_cherry_foliage":1,"born_in_chaos_v1:infected_deepslate_diamond_ore":4,"minecraft:dandelion":1,"minecraft:smooth_sandstone":4,"minecraft:crafting_table":24,"minecraft:torch":4,"untamedwilds:flora_common_reed":1,"minecraft:melon":5,"minecraft:chest":1,"byg:baobab_log":36,"minecraft:dead_bush":14,"mekanism:tin_ore":8,"byg:firecracker_flower_bush":1,"minecraft:tall_grass":1,"minecraft:cobblestone":40,"orcz:big_bone_1":1,"farmersdelight:wild_tomatoes":2,"minecraft:oak_planks":1,"minecraft:sugar_cane":5,"byg:japanese_orchid":2,"minecraft:wall_torch":4,"untamedwilds:block_burrow":1,"byg:soapstone":42,"minecraft:wheat":2,"byg:ebony_log":1,"byg:red_rock":1,"minecraft:grass":25,"minecraft:coal_ore":42,"minecraft:oak_log":63,"mekanism:lead_ore":4,"mekanism:deepslate_fluorite_ore":4,"minecraft:dripstone_block":2,"minecraft:dirt":13,"minecraft:sand":17,"mekanism:deepslate_uranium_ore":3,"minecraft:brown_terracotta":2,"byg:pink_cherry_foliage":1,"minecraft:terracotta":9,"born_in_chaos_v1:infernal_evil_pumpkin_s":1,"minecraft:deepslate":8,"minecraft:fern":1},"minecraft:crafted":{"minecraft:oak_door":3,"minecraft:oak_planks":256,"untamedwilds:food_turtle_cooked":2,"minecraft:furnace":2,"byg:baobab_planks":20,"minecraft:glass":12,"minecraft:iron_boots":1,"minecraft:iron_axe":1,"minecraft:stone_pickaxe":3,"minecraft:chest":1,"minecraft:dark_oak_planks":36,"minecraft:cooked_porkchop":1,"minecraft:crafting_table":5,"minecraft:wooden_pickaxe":3,"minecraft:baked_potato":20,"minecraft:iron_sword":1,"minecraft:cooked_salmon":1,"minecraft:bucket":1,"minecraft:stone_axe":5,"minecraft:bread":1,"minecraft:air":0,"minecraft:jungle_planks":256,"minecraft:iron_chestplate":1,"minecraft:golden_apple":5,"minecraft:shield":2,"minecraft:stick":32,"minecraft:iron_ingot":23,"minecraft:iron_pickaxe":1,"minecraft:wooden_axe":1,"minecraft:stone_sword":2,"byg:ebony_planks":4,"minecraft:acacia_planks":28,"minecraft:torch":4},"minecraft:killed":{"vampirism:vampire":1,"alexsmobs:tarantula_hawk":1,"born_in_chaos_v1:restless_spirit":1,"born_in_chaos_v1:skeleton_demoman":1,"minecraft:spider":3,"born_in_chaos_v1:zombie_bruiser":1,"born_in_chaos_v1:maggot":2,"grimoireofgaia:ender_eye":1,"minecraft:skeleton":8,"minecraft:chicken":1,"born_in_chaos_v1:skeleton_thrasher":1,"minecraft:drowned":1,"grimoireofgaia:gravemite":7,"artifacts:mimic":1,"grimoireofgaia:flesh_lich":3,"minecraft:husk":1,"minecraft:pig":2,"dannys_expansion:cursed_skull":1,"born_in_chaos_v1:diamond_termite":10,"minecraft:zombie_villager":2,"minecraft:salmon":1,"untamedwilds:monitor":1,"minecraft:creeper":1,"dannys_expansion:ghoul":3,"born_in_chaos_v1:decrepit_skeleton":3,"alexsmobs:emu":1,"alexsmobs:catfish":1,"grimoireofgaia:mummy":1,"minecraft:pillager":9,"minecraft:zombie":4,"born_in_chaos_v1:dread_hound":1,"ecologics:squirrel":1,"alexsmobs:terrapin":4,"born_in_chaos_v1:corpse_fly":8,"grimoireofgaia:harpy":2,"born_in_chaos_v1:nightmare_stalker":1,"untamedwilds:snake":1,"alexsmobs:crow":1,"grimoireofgaia:werecat":1,"minecraft:cow":4},"minecraft:broken":{"minecraft:shield":1,"minecraft:stone_axe":3},"minecraft:killed_by":{"minecraft:player":2,"minecraft:pillager":1,"dannys_expansion:desertic_slime":1,"grimoireofgaia:minotaurus":1,"untamedwilds:snake":1},"minecraft:picked_up":{"minecraft:crafting_table":24,"born_in_chaos_v1:diamond_termite_shard":14,"byg:soapstone":42,"minecraft:wheat":2,"minecraft:chicken":1,"mekanism:raw_uranium":3,"tconstruct:materials_and_you":1,"occultism:raw_silver":10,"byg:joshua_sapling":4,"minecraft:chain":1,"gravestone:obituary":6,"minecraft:string":6,"minecraft:red_bed":1,"byg:red_rock":1,"byg:baobab_log":34,"minecraft:cobbled_deepslate":14,"alexsmobs:emu_feather":2,"minecraft:gold_nugget":7,"untamedwilds:material_snake_skin":1,"alexsmobs:banana":1,"minecraft:beef":6,"minecraft:jungle_sapling":1,"minecraft:iron_nugget":7,"minecraft:poppy":1,"minecraft:melon_slice":25,"minecraft:sugar_cane":13,"minecraft:chest":1,"minecraft:furnace":7,"minecraft:egg":1,"artifacts:universal_attractor":2,"minecraft:stick":13,"minecraft:raw_iron":2,"born_in_chaos_v1:shattered_skull":1,"untamedwilds:flora_common_reed":4,"minecraft:torch":9,"minecraft:acacia_log":7,"minecraft:porkchop":2,"farmersdelight:tomato_seeds":2,"minecraft:pointed_dripstone":2,"born_in_chaos_v1:nightmare_claw":1,"born_in_chaos_v1:pieceofdarkmetal":8,"minecraft:carrot":17,"orcz:palisadedarkoak":1,"mekanism:raw_tin":8,"minecraft:dark_oak_planks":6,"minecraft:stone_sword":3,"minecraft:arrow":6,"minecraft:rotten_flesh":18,"minecraft:cobblestone":169,"born_in_chaos_v1:corpse_maggot":7,"minecraft:feather":2,"orcz:orcteeth":18,"born_in_chaos_v1:monster_flesh":2,"mekanism:raw_lead":4,"minecraft:salmon":1,"minecraft:jungle_log":99,"byg:japanese_orchid":2,"minecraft:cut_sandstone":1,"minecraft:leather":3,"minecraft:oak_log":64,"minecraft:gunpowder":3,"byg:firecracker_flower_bush":2,"minecraft:lapis_lazuli":8,"minecraft:dirt":18,"untamedwilds:food_turtle_raw":2,"minecraft:purple_carpet":4,"byg:pink_cherry_foliage":1,"minecraft:smooth_sandstone":4,"minecraft:red_carpet":2,"minecraft:bone":23,"minecraft:bow":1,"byg:ebony_log":1,"minecraft:wheat_seeds":8,"minecraft:stone_pickaxe":1,"orcz:big_bone_1":1,"minecraft:oak_planks":29,"minecraft:acacia_sapling":3,"byg:joshua_fruit":14,"minecraft:dripstone_block":3,"minecraft:sand":18,"minecraft:jungle_planks":30,"minecraft:spider_eye":2,"minecraft:mossy_cobblestone":1,"minecraft:diamond":1,"minecraft:stone_axe":2,"mekanism:fluorite_gem":10,"minecraft:crossbow":1,"minecraft:terracotta":2,"orcz:ironscrap":11,"minecraft:oak_sapling":4,"minecraft:coal":44,"minecraft:ender_pearl":1},"minecraft:dropped":{"farmersdelight:tomato_seeds":2,"minecraft:wheat_seeds":3,"minecraft:dripstone_block":3,"minecraft:mossy_cobblestone":1,"vampirism:vampire_book":1,"orcz:palisadedarkoak":1,"minecraft:crossbow":1,"minecraft:feather":2,"artifacts:universal_attractor":1,"minecraft:red_carpet":2,"minecraft:dirt":5,"byg:firecracker_flower_bush":1,"minecraft:cut_sandstone":1,"minecraft:chain":1,"minecraft:jungle_sapling":1,"gravestone:obituary":12,"alexsmobs:emu_feather":2,"byg:japanese_orchid":2,"byg:pink_cherry_foliage":1,"minecraft:oak_door":2,"minecraft:stone_axe":3,"minecraft:cobbled_deepslate":6,"minecraft:stone_sword":4,"minecraft:wheat":2,"minecraft:raw_iron":1,"minecraft:pointed_dripstone":2,"minecraft:rotten_flesh":3,"minecraft:poppy":1,"minecraft:oak_sapling":4,"minecraft:acacia_sapling":2,"minecraft:spider_eye":3,"minecraft:stone_pickaxe":2,"minecraft:wooden_pickaxe":1,"minecraft:purple_carpet":1,"minecraft:terracotta":2},"minecraft:custom":{"minecraft:mob_kills":99,"minecraft:interact_with_crafting_table":35,"minecraft:open_barrel":6,"minecraft:damage_dealt_resisted":40,"minecraft:leave_game":3,"minecraft:time_since_death":67823,"minecraft:climb_one_cm":6929,"minecraft:sprint_one_cm":376312,"minecraft:walk_one_cm":302151,"minecraft:damage_blocked_by_shield":3440,"minecraft:drop":60,"minecraft:play_time":156204,"minecraft:deaths":7,"minecraft:sneak_time":18206,"minecraft:walk_under_water_one_cm":14073,"minecraft:jump":3439,"minecraft:walk_on_water_one_cm":32427,"minecraft:total_world_time":156204,"minecraft:interact_with_furnace":22,"minecraft:sleep_in_bed":2,"minecraft:time_since_rest":39012,"minecraft:damage_taken":12244,"minecraft:damage_absorbed":157,"minecraft:damage_dealt":21328,"minecraft:player_kills":5,"minecraft:swim_one_cm":76018,"minecraft:fly_one_cm":615969,"minecraft:open_chest":49,"minecraft:crouch_one_cm":45308,"minecraft:interact_with_smoker":1,"minecraft:fall_one_cm":81126,"minecraft:inspect_dispenser":1}},"DataVersion":2975}