{"stats":{"minecraft:mined":{"gravestone:gravestone":3,"minecraft:grass_block":8,"minecraft:jungle_planks":28,"minecraft:jungle_log":101,"minecraft:sandstone":1,"byg:brown_mushroom_stem":2,"minecraft:furnace":4,"byg:joshua_leaves":1,"minecraft:iron_ore":1,"minecraft:fire":5,"minecraft:pointed_dripstone":1,"minecraft:vine":8,"minecraft:purple_carpet":3,"byg:white_cherry_leaves":1,"occultism:silver_ore":2,"minecraft:stone":52,"ecologics:pot":5,"byg:white_cherry_foliage":1,"minecraft:dandelion":1,"minecraft:crafting_table":14,"minecraft:torch":4,"untamedwilds:flora_common_reed":1,"minecraft:melon":5,"byg:baobab_log":7,"minecraft:chest":1,"minecraft:dead_bush":14,"mekanism:tin_ore":8,"byg:firecracker_flower_bush":1,"minecraft:tall_grass":1,"minecraft:cobblestone":34,"farmersdelight:wild_tomatoes":2,"minecraft:sugar_cane":5,"minecraft:wall_torch":4,"byg:japanese_orchid":2,"untamedwilds:block_burrow":1,"byg:soapstone":42,"byg:ebony_log":1,"byg:red_rock":1,"minecraft:grass":22,"minecraft:coal_ore":28,"minecraft:oak_log":48,"mekanism:lead_ore":4,"minecraft:sand":5,"minecraft:dirt":9,"minecraft:brown_terracotta":2,"byg:pink_cherry_foliage":1,"minecraft:terracotta":9,"born_in_chaos_v1:infernal_evil_pumpkin_s":1,"minecraft:fern":1},"minecraft:used":{"minecraft:stone_sword":6,"byg:firecracker_flower_bush":1,"minecraft:flint_and_steel":2,"byg:joshua_sapling":1,"minecraft:cooked_salmon":1,"minecraft:rotten_flesh":1,"minecraft:oak_door":1,"minecraft:torch":11,"minecraft:dirt":8,"minecraft:jungle_planks":118,"minecraft:acacia_sapling":1,"minecraft:jungle_log":4,"carryon:entity_item":1,"minecraft:furnace":4,"untamedwilds:food_turtle_cooked":2,"alexsmobs:banana":1,"minecraft:stone_pickaxe":195,"farmersdelight:golden_knife":8,"minecraft:wooden_pickaxe":5,"minecraft:golden_apple":1,"minecraft:sand":4,"minecraft:crafting_table":14,"born_in_chaos_v1:monster_flesh":1,"minecraft:chicken":1,"minecraft:bread":1,"minecraft:melon_slice":25,"byg:soapstone":26,"minecraft:stone_axe":341,"minecraft:cobblestone":64,"byg:joshua_fruit":12,"minecraft:porkchop":1,"minecraft:cooked_porkchop":1},"minecraft:crafted":{"minecraft:oak_door":3,"minecraft:oak_planks":188,"untamedwilds:food_turtle_cooked":2,"minecraft:furnace":1,"byg:baobab_planks":20,"minecraft:stone_pickaxe":2,"minecraft:cooked_porkchop":1,"minecraft:crafting_table":3,"minecraft:wooden_pickaxe":2,"minecraft:cooked_salmon":1,"minecraft:stone_axe":4,"minecraft:air":0,"minecraft:jungle_planks":256,"minecraft:stick":20,"minecraft:stone_sword":1,"byg:ebony_planks":4,"minecraft:torch":4},"minecraft:killed":{"alexsmobs:tarantula_hawk":1,"born_in_chaos_v1:skeleton_demoman":1,"born_in_chaos_v1:maggot":2,"minecraft:skeleton":1,"minecraft:chicken":1,"born_in_chaos_v1:skeleton_thrasher":1,"minecraft:pig":2,"minecraft:zombie_villager":1,"minecraft:salmon":1,"untamedwilds:monitor":1,"dannys_expansion:ghoul":1,"born_in_chaos_v1:decrepit_skeleton":1,"alexsmobs:emu":1,"alexsmobs:catfish":1,"minecraft:zombie":3,"born_in_chaos_v1:dread_hound":1,"ecologics:squirrel":1,"alexsmobs:terrapin":1,"born_in_chaos_v1:corpse_fly":8,"grimoireofgaia:harpy":2,"untamedwilds:snake":1,"alexsmobs:crow":1,"grimoireofgaia:werecat":1},"minecraft:broken":{"minecraft:stone_axe":2},"minecraft:killed_by":{"minecraft:player":2,"dannys_expansion:desertic_slime":1,"grimoireofgaia:minotaurus":1,"untamedwilds:snake":1},"minecraft:picked_up":{"minecraft:crafting_table":14,"byg:soapstone":42,"minecraft:chicken":1,"tconstruct:materials_and_you":1,"occultism:raw_silver":2,"byg:joshua_sapling":4,"gravestone:obituary":4,"minecraft:string":3,"byg:red_rock":1,"byg:baobab_log":5,"alexsmobs:emu_feather":2,"untamedwilds:material_snake_skin":1,"minecraft:gold_nugget":2,"alexsmobs:banana":1,"minecraft:jungle_sapling":1,"minecraft:iron_nugget":5,"minecraft:poppy":1,"minecraft:melon_slice":25,"minecraft:sugar_cane":13,"minecraft:chest":1,"minecraft:egg":1,"minecraft:furnace":4,"minecraft:stick":9,"minecraft:raw_iron":1,"born_in_chaos_v1:shattered_skull":1,"untamedwilds:flora_common_reed":4,"minecraft:torch":8,"minecraft:porkchop":2,"farmersdelight:tomato_seeds":2,"minecraft:pointed_dripstone":1,"born_in_chaos_v1:pieceofdarkmetal":2,"mekanism:raw_tin":8,"minecraft:arrow":1,"minecraft:rotten_flesh":6,"minecraft:cobblestone":86,"born_in_chaos_v1:corpse_maggot":7,"minecraft:feather":2,"born_in_chaos_v1:monster_flesh":1,"mekanism:raw_lead":4,"minecraft:salmon":1,"minecraft:jungle_log":99,"byg:japanese_orchid":2,"minecraft:leather":1,"minecraft:oak_log":47,"minecraft:gunpowder":3,"byg:firecracker_flower_bush":1,"minecraft:dirt":13,"untamedwilds:food_turtle_raw":2,"minecraft:purple_carpet":4,"byg:pink_cherry_foliage":1,"minecraft:bone":9,"byg:ebony_log":1,"minecraft:wheat_seeds":3,"minecraft:oak_planks":29,"minecraft:acacia_sapling":1,"byg:joshua_fruit":12,"minecraft:sand":6,"minecraft:jungle_planks":28,"minecraft:spider_eye":2,"minecraft:terracotta":2,"minecraft:coal":29},"minecraft:dropped":{"farmersdelight:tomato_seeds":2,"minecraft:wheat_seeds":2,"minecraft:feather":2,"minecraft:jungle_sapling":1,"gravestone:obituary":9,"alexsmobs:emu_feather":2,"byg:japanese_orchid":2,"byg:pink_cherry_foliage":1,"minecraft:oak_door":2,"minecraft:pointed_dripstone":1,"minecraft:rotten_flesh":2,"minecraft:poppy":1,"minecraft:purple_carpet":1,"minecraft:terracotta":2},"minecraft:custom":{"minecraft:mob_kills":35,"minecraft:interact_with_crafting_table":14,"minecraft:damage_dealt_resisted":40,"minecraft:leave_game":2,"minecraft:time_since_death":7835,"minecraft:climb_one_cm":457,"minecraft:sprint_one_cm":187915,"minecraft:walk_one_cm":161344,"minecraft:drop":24,"minecraft:play_time":85771,"minecraft:deaths":6,"minecraft:sneak_time":11637,"minecraft:walk_under_water_one_cm":5009,"minecraft:jump":1919,"minecraft:walk_on_water_one_cm":6169,"minecraft:total_world_time":85771,"minecraft:interact_with_furnace":9,"minecraft:time_since_rest":7886,"minecraft:damage_taken":10464,"minecraft:damage_dealt":8380,"minecraft:player_kills":5,"minecraft:swim_one_cm":42647,"minecraft:fly_one_cm":329906,"minecraft:open_chest":1,"minecraft:crouch_one_cm":28967,"minecraft:fall_one_cm":38388}},"DataVersion":2975}