{"stats":{"minecraft:mined":{"ecologics:pot":5,"byg:white_cherry_foliage":1,"minecraft:crafting_table":10,"gravestone:gravestone":2,"untamedwilds:flora_common_reed":1,"minecraft:grass_block":3,"minecraft:melon":5,"minecraft:jungle_planks":10,"minecraft:jungle_log":101,"mekanism:tin_ore":8,"byg:firecracker_flower_bush":1,"minecraft:sugar_cane":5,"minecraft:sandstone":1,"minecraft:wall_torch":2,"untamedwilds:block_burrow":1,"byg:soapstone":42,"byg:brown_mushroom_stem":2,"minecraft:furnace":1,"byg:joshua_leaves":1,"byg:ebony_log":1,"byg:red_rock":1,"minecraft:grass":13,"minecraft:oak_log":48,"minecraft:coal_ore":28,"minecraft:vine":8,"minecraft:purple_carpet":3,"minecraft:sand":5,"minecraft:dirt":9,"byg:white_cherry_leaves":1,"byg:pink_cherry_foliage":1,"occultism:silver_ore":2,"minecraft:stone":52,"minecraft:fern":1},"minecraft:used":{"byg:firecracker_flower_bush":1,"minecraft:stone_pickaxe":137,"minecraft:wooden_pickaxe":5,"byg:joshua_sapling":1,"minecraft:cooked_salmon":1,"minecraft:rotten_flesh":1,"minecraft:oak_door":1,"minecraft:torch":3,"minecraft:dirt":7,"minecraft:sand":4,"minecraft:crafting_table":11,"minecraft:jungle_planks":11,"minecraft:melon_slice":3,"minecraft:jungle_log":4,"byg:soapstone":26,"minecraft:stone_axe":262,"minecraft:cobblestone":7,"byg:joshua_fruit":12,"minecraft:furnace":1,"alexsmobs:banana":1},"minecraft:crafted":{"minecraft:oak_door":3,"minecraft:oak_planks":188,"minecraft:crafting_table":3,"minecraft:wooden_pickaxe":2,"minecraft:furnace":1,"minecraft:cooked_salmon":1,"minecraft:stone_axe":4,"minecraft:air":0,"minecraft:jungle_planks":256,"minecraft:stick":20,"minecraft:stone_pickaxe":2,"byg:ebony_planks":4,"minecraft:torch":4},"minecraft:killed":{"alexsmobs:tarantula_hawk":1,"minecraft:zombie_villager":1,"born_in_chaos_v1:skeleton_demoman":1,"minecraft:salmon":1,"dannys_expansion:ghoul":1,"born_in_chaos_v1:maggot":2,"born_in_chaos_v1:decrepit_skeleton":1,"alexsmobs:catfish":1,"minecraft:zombie":3,"ecologics:squirrel":1,"alexsmobs:terrapin":1,"born_in_chaos_v1:corpse_fly":7,"born_in_chaos_v1:skeleton_thrasher":1,"alexsmobs:crow":1,"untamedwilds:snake":1,"grimoireofgaia:werecat":1},"minecraft:broken":{"minecraft:stone_axe":2},"minecraft:killed_by":{"minecraft:player":2,"dannys_expansion:desertic_slime":1,"untamedwilds:snake":1},"minecraft:picked_up":{"born_in_chaos_v1:corpse_maggot":7,"minecraft:crafting_table":10,"byg:soapstone":42,"minecraft:jungle_log":99,"minecraft:salmon":1,"tconstruct:materials_and_you":1,"occultism:raw_silver":2,"byg:joshua_sapling":4,"minecraft:oak_log":47,"gravestone:obituary":4,"minecraft:gunpowder":3,"byg:firecracker_flower_bush":1,"minecraft:string":3,"minecraft:dirt":11,"byg:red_rock":1,"minecraft:purple_carpet":4,"byg:pink_cherry_foliage":1,"minecraft:bone":7,"byg:ebony_log":1,"minecraft:gold_nugget":2,"alexsmobs:banana":1,"minecraft:jungle_sapling":1,"minecraft:iron_nugget":3,"minecraft:melon_slice":25,"minecraft:sugar_cane":13,"minecraft:furnace":1,"minecraft:stick":1,"born_in_chaos_v1:shattered_skull":1,"byg:joshua_fruit":12,"untamedwilds:flora_common_reed":4,"minecraft:torch":2,"minecraft:jungle_planks":9,"minecraft:sand":6,"born_in_chaos_v1:pieceofdarkmetal":2,"mekanism:raw_tin":8,"minecraft:spider_eye":2,"minecraft:rotten_flesh":6,"minecraft:coal":29,"minecraft:cobblestone":52},"minecraft:dropped":{"gravestone:obituary":8,"minecraft:purple_carpet":1},"minecraft:custom":{"minecraft:interact_with_furnace":2,"minecraft:mob_kills":25,"minecraft:interact_with_crafting_table":13,"minecraft:leave_game":2,"minecraft:time_since_death":7539,"minecraft:climb_one_cm":457,"minecraft:time_since_rest":7573,"minecraft:sprint_one_cm":100549,"minecraft:damage_taken":9392,"minecraft:walk_one_cm":111726,"minecraft:drop":9,"minecraft:damage_dealt":5683,"minecraft:swim_one_cm":33124,"minecraft:fly_one_cm":183990,"minecraft:player_kills":5,"minecraft:crouch_one_cm":8521,"minecraft:play_time":49771,"minecraft:deaths":5,"minecraft:sneak_time":3966,"minecraft:walk_under_water_one_cm":4924,"minecraft:jump":1024,"minecraft:walk_on_water_one_cm":3897,"minecraft:total_world_time":49771,"minecraft:fall_one_cm":13977}},"DataVersion":2975}