{"stats":{"minecraft:mined":{"ecologics:pot":5,"minecraft:crafting_table":7,"gravestone:gravestone":1,"untamedwilds:flora_common_reed":1,"minecraft:grass_block":2,"minecraft:jungle_log":21,"mekanism:tin_ore":8,"byg:firecracker_flower_bush":1,"minecraft:sugar_cane":5,"minecraft:sandstone":1,"untamedwilds:block_burrow":1,"byg:soapstone":42,"byg:brown_mushroom_stem":2,"byg:joshua_leaves":1,"byg:ebony_log":1,"byg:red_rock":1,"minecraft:grass":10,"minecraft:oak_log":48,"minecraft:coal_ore":28,"minecraft:vine":3,"minecraft:purple_carpet":3,"minecraft:sand":5,"minecraft:dirt":6,"occultism:silver_ore":2,"minecraft:stone":24},"minecraft:used":{"byg:firecracker_flower_bush":1,"minecraft:stone_pickaxe":106,"minecraft:wooden_pickaxe":5,"byg:joshua_sapling":1,"minecraft:rotten_flesh":1,"minecraft:oak_door":1,"minecraft:torch":1,"minecraft:dirt":6,"minecraft:sand":4,"minecraft:crafting_table":7,"byg:soapstone":26,"minecraft:stone_axe":90,"byg:joshua_fruit":12,"minecraft:furnace":1},"minecraft:crafted":{"minecraft:oak_door":3,"minecraft:oak_planks":188,"minecraft:crafting_table":2,"minecraft:wooden_pickaxe":2,"minecraft:furnace":1,"minecraft:stone_axe":2,"minecraft:stick":16,"minecraft:stone_pickaxe":2,"byg:ebony_planks":4,"minecraft:torch":4},"minecraft:killed":{"alexsmobs:tarantula_hawk":1,"born_in_chaos_v1:skeleton_demoman":1,"minecraft:salmon":1,"born_in_chaos_v1:decrepit_skeleton":1,"alexsmobs:catfish":1,"ecologics:squirrel":1,"alexsmobs:terrapin":1,"born_in_chaos_v1:corpse_fly":7},"minecraft:killed_by":{"minecraft:player":2,"dannys_expansion:desertic_slime":1},"minecraft:picked_up":{"born_in_chaos_v1:corpse_maggot":7,"minecraft:crafting_table":7,"byg:soapstone":42,"minecraft:jungle_log":20,"minecraft:salmon":1,"tconstruct:materials_and_you":1,"occultism:raw_silver":2,"byg:joshua_sapling":4,"minecraft:oak_log":47,"gravestone:obituary":4,"minecraft:gunpowder":3,"byg:firecracker_flower_bush":1,"minecraft:string":3,"minecraft:dirt":7,"byg:red_rock":1,"minecraft:purple_carpet":4,"minecraft:bone":4,"byg:ebony_log":1,"minecraft:gold_nugget":2,"minecraft:iron_nugget":2,"minecraft:sugar_cane":13,"minecraft:stick":1,"byg:joshua_fruit":12,"untamedwilds:flora_common_reed":4,"minecraft:sand":6,"mekanism:raw_tin":8,"minecraft:spider_eye":2,"minecraft:rotten_flesh":4,"minecraft:coal":28,"minecraft:cobblestone":24},"minecraft:dropped":{"gravestone:obituary":8,"minecraft:purple_carpet":1},"minecraft:custom":{"minecraft:interact_with_furnace":1,"minecraft:mob_kills":14,"minecraft:interact_with_crafting_table":10,"minecraft:leave_game":2,"minecraft:time_since_death":10073,"minecraft:time_since_rest":10531,"minecraft:sprint_one_cm":86234,"minecraft:damage_taken":9032,"minecraft:walk_one_cm":92466,"minecraft:drop":9,"minecraft:damage_dealt":3039,"minecraft:swim_one_cm":22971,"minecraft:fly_one_cm":169544,"minecraft:player_kills":5,"minecraft:crouch_one_cm":4212,"minecraft:play_time":37771,"minecraft:deaths":4,"minecraft:sneak_time":1640,"minecraft:walk_under_water_one_cm":3816,"minecraft:jump":839,"minecraft:walk_on_water_one_cm":3738,"minecraft:total_world_time":37771,"minecraft:fall_one_cm":11068}},"DataVersion":2975}