{"stats":{"minecraft:used":{"byg:firecracker_flower_bush":1,"minecraft:stone_pickaxe":21,"minecraft:wooden_pickaxe":2,"byg:joshua_sapling":1,"byg:soapstone":2,"minecraft:stone_axe":28,"minecraft:sand":4,"minecraft:dirt":5,"minecraft:crafting_table":2},"minecraft:mined":{"untamedwilds:block_burrow":1,"byg:soapstone":24,"byg:joshua_leaves":1,"minecraft:crafting_table":2,"gravestone:gravestone":1,"minecraft:grass":9,"minecraft:grass_block":1,"minecraft:oak_log":37,"minecraft:purple_carpet":3,"minecraft:sand":4,"minecraft:dirt":5,"byg:firecracker_flower_bush":1,"minecraft:sugar_cane":5},"minecraft:crafted":{"minecraft:oak_planks":144,"minecraft:crafting_table":1,"minecraft:stick":8,"minecraft:wooden_pickaxe":1,"minecraft:stone_pickaxe":1,"minecraft:stone_axe":1},"minecraft:killed":{"ecologics:squirrel":1},"minecraft:killed_by":{"minecraft:player":2},"minecraft:picked_up":{"byg:soapstone":24,"minecraft:stick":1,"minecraft:crafting_table":2,"byg:joshua_fruit":12,"tconstruct:materials_and_you":1,"minecraft:sand":4,"byg:joshua_sapling":4,"minecraft:oak_log":36,"gravestone:obituary":4,"byg:firecracker_flower_bush":1,"minecraft:dirt":5,"minecraft:purple_carpet":4,"minecraft:sugar_cane":13},"minecraft:dropped":{"gravestone:obituary":7,"minecraft:purple_carpet":1},"minecraft:custom":{"minecraft:time_since_rest":10644,"minecraft:sprint_one_cm":43220,"minecraft:damage_taken":8425,"minecraft:walk_one_cm":38928,"minecraft:mob_kills":1,"minecraft:drop":8,"minecraft:damage_dealt":1036,"minecraft:player_kills":5,"minecraft:interact_with_crafting_table":5,"minecraft:swim_one_cm":14256,"minecraft:fly_one_cm":104260,"minecraft:crouch_one_cm":321,"minecraft:play_time":16968,"minecraft:deaths":3,"minecraft:sneak_time":223,"minecraft:walk_under_water_one_cm":2421,"minecraft:jump":477,"minecraft:leave_game":1,"minecraft:time_since_death":10619,"minecraft:walk_on_water_one_cm":1894,"minecraft:total_world_time":16968,"minecraft:fall_one_cm":4020}},"DataVersion":2975}