{"stats":{"minecraft:used":{"minecraft:red_sand":17,"minecraft:iron_shovel":36,"minecraft:chest":1,"minecraft:shield":64,"minecraft:stone":42,"minecraft:rotten_flesh":3,"minecraft:torch":63,"minecraft:chainmail_chestplate":1,"minecraft:carrot":10,"minecraft:glass":1,"minecraft:iron_axe":131,"minecraft:bow":16,"minecraft:furnace":6,"minecraft:beetroot_soup":1,"minecraft:potato":11,"minecraft:brown_bed":2,"minecraft:water_bucket":65,"minecraft:birch_planks":8,"minecraft:baked_potato":24,"minecraft:oak_planks":8,"minecraft:sandstone":62,"minecraft:leather_boots":1,"minecraft:golden_apple":2,"minecraft:crafting_table":5,"vampirism:obsidian_armor_legs_ultimate":1,"minecraft:diamond_pickaxe":183,"minecraft:light_gray_concrete":1,"minecraft:bread":46,"minecraft:iron_pickaxe":36,"minecraft:diamond_sword":415,"minecraft:smithing_table":1,"minecraft:bucket":66},"minecraft:mined":{"minecraft:yellow_terracotta":1,"minecraft:cut_sandstone_slab":1,"minecraft:stone_pressure_plate":1,"minecraft:jungle_leaves":2,"gravestone:gravestone":5,"minecraft:red_sand":18,"minecraft:coal_block":9,"minecraft:oxeye_daisy":1,"minecraft:sandstone":107,"minecraft:sandstone_stairs":2,"minecraft:spawner":14,"minecraft:hay_block":10,"minecraft:glowstone":1,"minecraft:furnace":9,"minecraft:carrots":10,"minecraft:chiseled_sandstone":3,"minecraft:gold_block":3,"minecraft:brown_bed":3,"minecraft:potatoes":10,"minecraft:vine":1,"minecraft:rail":3,"minecraft:light_gray_concrete":5,"minecraft:smooth_sandstone_stairs":2,"minecraft:stone":17,"minecraft:white_wool":3,"minecraft:tripwire":6,"byg:mangrove_leaves":5,"minecraft:smithing_table":1,"minecraft:sandstone_slab":1,"minecraft:cut_sandstone":13,"minecraft:gray_concrete":1,"byg:golden_spined_cactus":1,"minecraft:smooth_sandstone":9,"minecraft:crafting_table":3,"minecraft:chest":1,"minecraft:dead_bush":5,"minecraft:lectern":1,"byg:firecracker_flower_bush":1,"minecraft:tall_grass":3,"minecraft:oak_planks":3,"minecraft:sugar_cane":6,"minecraft:diorite":3,"minecraft:wall_torch":2,"byg:prickly_pear_cactus":1,"minecraft:jungle_wood":3,"minecraft:tnt":5,"minecraft:oak_log":9,"minecraft:smooth_quartz":4,"minecraft:sand":66,"byg:palo_verde_log":2,"minecraft:sandstone_wall":1,"minecraft:cobweb":2},"minecraft:crafted":{"minecraft:oak_planks":36,"minecraft:coal":9,"travelersbackpack:blank_upgrade":4,"minecraft:glass":24,"travelersbackpack:white_sleeping_bag":1,"minecraft:iron_axe":1,"minecraft:chest":2,"vampirism:obsidian_armor_legs_ultimate":2,"travelersbackpack:diamond_tier_upgrade":1,"minecraft:wheat":81,"travelersbackpack:iron_tier_upgrade":1,"minecraft:diamond_sword":1,"minecraft:crafting_table":3,"travelersbackpack:backpack_tank":4,"minecraft:baked_potato":25,"travelersbackpack:standard":1,"minecraft:smithing_table":1,"minecraft:bucket":1,"minecraft:birch_planks":8,"minecraft:bread":27,"minecraft:air":0,"minecraft:jungle_planks":12,"minecraft:diamond_pickaxe":1,"minecraft:shield":1,"minecraft:stick":8,"minecraft:iron_pickaxe":1,"minecraft:gold_ingot":27,"minecraft:sandstone":9,"minecraft:torch":60},"minecraft:killed":{"born_in_chaos_v1:restless_spirit":1,"minecraft:spider":1,"born_in_chaos_v1:zombie_bruiser":1,"born_in_chaos_v1:maggot":18,"minecraft:skeleton":19,"grimoireofgaia:anubis":1,"grimoireofgaia:gravemite":11,"minecraft:magma_cube":6,"born_in_chaos_v1:spirit_guide":1,"minecraft:husk":72,"dannys_expansion:desertic_slime":4,"born_in_chaos_v1:baby_skeleton":1,"born_in_chaos_v1:spirit_guide_assistant":1,"minecraft:iron_golem":1,"born_in_chaos_v1:dread_hound_not_despawn":1,"born_in_chaos_v1:decrepit_skeleton":4,"grimoireofgaia:mummy":4,"minecraft:zombie":9,"alexsmobs:cockroach":3,"born_in_chaos_v1:corpse_fly":6,"minecraft:cow":2},"minecraft:broken":{"minecraft:iron_axe":1,"minecraft:leather_boots":1},"minecraft:killed_by":{"minecraft:husk":1,"minecraft:player":1,"grimoireofgaia:anubis":1,"grimoireofgaia:ant_salvager":1},"minecraft:picked_up":{"minecraft:crafting_table":3,"minecraft:leather_leggings":1,"minecraft:smithing_table":1,"tconstruct:materials_and_you":1,"minecraft:brown_bed":3,"minecraft:gold_block":3,"gravestone:obituary":2,"minecraft:golden_sword":1,"minecraft:shield":1,"minecraft:string":13,"vampirism:obi_belt":1,"minecraft:red_sand":17,"minecraft:beef":3,"dannys_expansion:sandy_clothes":1,"minecraft:chest":1,"minecraft:iron_nugget":1,"minecraft:poppy":2,"minecraft:smooth_quartz":3,"minecraft:sugar_cane":18,"minecraft:lectern":2,"minecraft:coal_block":9,"minecraft:furnace":9,"minecraft:stick":5,"minecraft:sandstone":85,"minecraft:stone":16,"born_in_chaos_v1:shattered_skull":1,"minecraft:torch":11,"minecraft:sandstone_wall":1,"minecraft:carrot":30,"byg:prickly_pear_cactus":1,"minecraft:golden_chestplate":1,"dannys_expansion:gel":1,"minecraft:arrow":14,"minecraft:rotten_flesh":9,"minecraft:hay_block":9,"minecraft:gold_ingot":18,"minecraft:white_wool":3,"minecraft:rail":2,"minecraft:cobblestone":10,"minecraft:skeleton_skull":1,"born_in_chaos_v1:corpse_maggot":6,"minecraft:repeater":1,"born_in_chaos_v1:monster_flesh":1,"minecraft:leather":2,"minecraft:jungle_wood":3,"minecraft:potato":34,"minecraft:smooth_sandstone_stairs":1,"minecraft:oak_log":9,"minecraft:gray_concrete":3,"minecraft:leather_boots":3,"minecraft:glass":1,"minecraft:bone":18,"alexsmobs:cockroach_wing_fragment":1,"minecraft:iron_ingot":5,"artifacts:antidote_vessel":3,"minecraft:glowstone_dust":2,"minecraft:oak_planks":4,"born_in_chaos_v1:ethereal_spirit":2,"minecraft:poisonous_potato":1,"minecraft:sand":61,"minecraft:light_gray_concrete":6,"byg:palo_verde_log":2,"minecraft:chainmail_helmet":1,"minecraft:baked_potato":24,"minecraft:coal":13},"minecraft:dropped":{"minecraft:enchanted_book":1,"minecraft:bread":1,"born_in_chaos_v1:shattered_skull":1,"minecraft:baked_potato":25,"minecraft:poisonous_potato":1,"minecraft:cobblestone":10,"minecraft:iron_horse_armor":1,"minecraft:chainmail_helmet":1,"minecraft:leather_helmet":1,"farmersdelight:rice":1,"minecraft:stick":2,"born_in_chaos_v1:monster_flesh":1,"minecraft:gray_concrete":3,"minecraft:torch":5,"minecraft:repeater":1,"minecraft:smooth_quartz":3,"minecraft:map":1,"gravestone:obituary":8,"dannys_expansion:gel":1,"minecraft:iron_pickaxe":1,"vampirism:ring":1,"minecraft:iron_shovel":1,"minecraft:string":4,"minecraft:gold_ingot":18,"minecraft:bone":1,"minecraft:sugar_cane":9,"minecraft:iron_nugget":1,"minecraft:golden_chestplate":1,"vampirism:obi_belt":1,"minecraft:rotten_flesh":10,"minecraft:oak_planks":1,"minecraft:chainmail_chestplate":1,"minecraft:sandstone_wall":1,"minecraft:poppy":2,"minecraft:leather_chestplate":1,"minecraft:stone":32,"minecraft:shield":1,"minecraft:gunpowder":21,"born_in_chaos_v1:corpse_maggot":6,"minecraft:leather_boots":1,"minecraft:golden_sword":1,"minecraft:leather_leggings":1,"minecraft:sandstone":8,"minecraft:bow":2,"minecraft:beef":3,"minecraft:lectern":1},"minecraft:custom":{"minecraft:interact_with_smithing_table":4,"minecraft:mob_kills":169,"minecraft:interact_with_crafting_table":24,"minecraft:open_barrel":17,"minecraft:damage_dealt_resisted":310,"minecraft:leave_game":1,"minecraft:time_since_death":19184,"minecraft:climb_one_cm":27177,"minecraft:sprint_one_cm":453706,"minecraft:walk_one_cm":228105,"minecraft:damage_blocked_by_shield":1631,"minecraft:drop":66,"minecraft:talked_to_villager":2,"minecraft:target_hit":16,"minecraft:play_time":131289,"minecraft:deaths":7,"minecraft:sneak_time":10002,"minecraft:walk_under_water_one_cm":24195,"minecraft:jump":3099,"minecraft:walk_on_water_one_cm":31583,"minecraft:total_world_time":131289,"minecraft:interact_with_furnace":24,"minecraft:tune_noteblock":1,"minecraft:sleep_in_bed":3,"minecraft:time_since_rest":19227,"minecraft:waystone_activated":2,"minecraft:damage_taken":4981,"minecraft:damage_absorbed":80,"minecraft:trigger_trapped_chest":4,"minecraft:damage_dealt":27078,"minecraft:swim_one_cm":66788,"minecraft:fly_one_cm":701572,"minecraft:open_chest":176,"minecraft:crouch_one_cm":34989,"minecraft:interact_with_smoker":1,"minecraft:fall_one_cm":104411,"minecraft:inspect_dispenser":4,"minecraft:horse_one_cm":106496}},"DataVersion":2975}