{"stats":{"minecraft:used":{"minecraft:red_sand":17,"minecraft:iron_shovel":36,"minecraft:chest":1,"minecraft:shield":33,"minecraft:stone":42,"minecraft:rotten_flesh":3,"minecraft:torch":57,"minecraft:chainmail_chestplate":1,"minecraft:carrot":10,"minecraft:iron_axe":131,"minecraft:bow":16,"minecraft:furnace":6,"minecraft:potato":11,"minecraft:brown_bed":1,"minecraft:water_bucket":59,"minecraft:birch_planks":8,"minecraft:baked_potato":24,"minecraft:oak_planks":8,"minecraft:sandstone":56,"minecraft:leather_boots":1,"minecraft:golden_apple":1,"minecraft:crafting_table":5,"vampirism:obsidian_armor_legs_ultimate":1,"minecraft:diamond_pickaxe":162,"minecraft:light_gray_concrete":1,"minecraft:bread":33,"minecraft:iron_pickaxe":36,"minecraft:diamond_sword":268,"minecraft:bucket":60},"minecraft:mined":{"minecraft:yellow_terracotta":1,"minecraft:cut_sandstone_slab":1,"minecraft:stone_pressure_plate":1,"gravestone:gravestone":4,"minecraft:red_sand":18,"minecraft:coal_block":1,"minecraft:sandstone":104,"minecraft:sandstone_stairs":2,"minecraft:spawner":11,"minecraft:hay_block":10,"minecraft:furnace":6,"minecraft:carrots":10,"minecraft:chiseled_sandstone":3,"minecraft:gold_block":3,"minecraft:brown_bed":1,"minecraft:potatoes":10,"minecraft:vine":1,"minecraft:rail":3,"minecraft:light_gray_concrete":5,"minecraft:smooth_sandstone_stairs":2,"minecraft:stone":17,"minecraft:tripwire":4,"byg:mangrove_leaves":5,"minecraft:sandstone_slab":1,"minecraft:cut_sandstone":13,"minecraft:gray_concrete":1,"byg:golden_spined_cactus":1,"minecraft:smooth_sandstone":9,"minecraft:crafting_table":2,"minecraft:dead_bush":4,"minecraft:lectern":1,"byg:firecracker_flower_bush":1,"minecraft:oak_planks":3,"minecraft:sugar_cane":6,"minecraft:diorite":3,"minecraft:wall_torch":2,"byg:prickly_pear_cactus":1,"minecraft:tnt":5,"minecraft:oak_log":9,"minecraft:smooth_quartz":4,"minecraft:sand":40,"byg:palo_verde_log":2,"minecraft:cobweb":2},"minecraft:crafted":{"minecraft:oak_planks":36,"minecraft:coal":9,"minecraft:iron_axe":1,"minecraft:chest":1,"vampirism:obsidian_armor_legs_ultimate":2,"minecraft:wheat":81,"minecraft:diamond_sword":1,"minecraft:crafting_table":3,"minecraft:baked_potato":25,"minecraft:bucket":1,"minecraft:birch_planks":8,"minecraft:bread":27,"minecraft:air":0,"minecraft:diamond_pickaxe":1,"minecraft:shield":1,"minecraft:stick":8,"minecraft:iron_pickaxe":1,"minecraft:gold_ingot":27,"minecraft:sandstone":9,"minecraft:torch":56},"minecraft:killed":{"born_in_chaos_v1:zombie_bruiser":1,"born_in_chaos_v1:maggot":15,"minecraft:skeleton":12,"minecraft:magma_cube":5,"born_in_chaos_v1:spirit_guide":1,"minecraft:husk":68,"dannys_expansion:desertic_slime":2,"born_in_chaos_v1:baby_skeleton":1,"born_in_chaos_v1:spirit_guide_assistant":1,"minecraft:iron_golem":1,"born_in_chaos_v1:dread_hound_not_despawn":1,"born_in_chaos_v1:decrepit_skeleton":2,"grimoireofgaia:mummy":1,"minecraft:zombie":8,"alexsmobs:cockroach":3,"born_in_chaos_v1:corpse_fly":6},"minecraft:broken":{"minecraft:iron_axe":1,"minecraft:leather_boots":1},"minecraft:killed_by":{"minecraft:husk":1,"minecraft:player":1,"grimoireofgaia:ant_salvager":1},"minecraft:picked_up":{"minecraft:crafting_table":2,"minecraft:leather_leggings":1,"tconstruct:materials_and_you":1,"minecraft:brown_bed":1,"minecraft:gold_block":3,"gravestone:obituary":2,"minecraft:golden_sword":1,"minecraft:shield":1,"minecraft:string":7,"minecraft:red_sand":17,"dannys_expansion:sandy_clothes":1,"minecraft:iron_nugget":1,"minecraft:poppy":2,"minecraft:smooth_quartz":3,"minecraft:sugar_cane":18,"minecraft:lectern":2,"minecraft:coal_block":1,"minecraft:furnace":6,"minecraft:stick":2,"minecraft:sandstone":82,"minecraft:stone":16,"born_in_chaos_v1:shattered_skull":1,"minecraft:torch":6,"minecraft:carrot":30,"byg:prickly_pear_cactus":1,"minecraft:golden_chestplate":1,"dannys_expansion:gel":1,"minecraft:arrow":8,"minecraft:rotten_flesh":9,"minecraft:hay_block":9,"minecraft:gold_ingot":18,"minecraft:rail":2,"minecraft:cobblestone":10,"minecraft:skeleton_skull":1,"born_in_chaos_v1:corpse_maggot":6,"minecraft:repeater":1,"born_in_chaos_v1:monster_flesh":1,"minecraft:potato":34,"minecraft:smooth_sandstone_stairs":1,"minecraft:oak_log":9,"minecraft:gray_concrete":3,"minecraft:leather_boots":3,"minecraft:bone":13,"alexsmobs:cockroach_wing_fragment":1,"minecraft:iron_ingot":5,"artifacts:antidote_vessel":3,"minecraft:oak_planks":4,"born_in_chaos_v1:ethereal_spirit":1,"minecraft:poisonous_potato":1,"minecraft:sand":36,"minecraft:light_gray_concrete":6,"byg:palo_verde_log":2,"minecraft:chainmail_helmet":1,"minecraft:baked_potato":24,"minecraft:coal":10},"minecraft:dropped":{"minecraft:enchanted_book":1,"minecraft:bread":1,"born_in_chaos_v1:shattered_skull":1,"minecraft:baked_potato":25,"minecraft:poisonous_potato":1,"minecraft:cobblestone":10,"minecraft:chainmail_helmet":1,"minecraft:leather_helmet":1,"farmersdelight:rice":1,"born_in_chaos_v1:monster_flesh":1,"minecraft:gray_concrete":3,"minecraft:repeater":1,"minecraft:smooth_quartz":3,"minecraft:map":1,"gravestone:obituary":7,"dannys_expansion:gel":1,"minecraft:iron_pickaxe":1,"vampirism:ring":1,"minecraft:iron_shovel":1,"minecraft:gold_ingot":18,"minecraft:bone":1,"minecraft:sugar_cane":9,"minecraft:iron_nugget":1,"minecraft:golden_chestplate":1,"minecraft:rotten_flesh":10,"minecraft:oak_planks":1,"minecraft:chainmail_chestplate":1,"minecraft:poppy":2,"minecraft:leather_chestplate":1,"minecraft:stone":32,"minecraft:shield":1,"born_in_chaos_v1:corpse_maggot":6,"minecraft:leather_boots":1,"minecraft:golden_sword":1,"minecraft:leather_leggings":1,"minecraft:sandstone":8,"minecraft:bow":2,"minecraft:lectern":1},"minecraft:custom":{"minecraft:mob_kills":130,"minecraft:interact_with_crafting_table":7,"minecraft:open_barrel":16,"minecraft:damage_dealt_resisted":134,"minecraft:leave_game":1,"minecraft:time_since_death":21751,"minecraft:climb_one_cm":19440,"minecraft:sprint_one_cm":392113,"minecraft:walk_one_cm":186754,"minecraft:damage_blocked_by_shield":551,"minecraft:drop":55,"minecraft:target_hit":16,"minecraft:play_time":107289,"minecraft:deaths":6,"minecraft:sneak_time":9648,"minecraft:walk_under_water_one_cm":19725,"minecraft:jump":2581,"minecraft:walk_on_water_one_cm":28059,"minecraft:total_world_time":107289,"minecraft:interact_with_furnace":7,"minecraft:tune_noteblock":1,"minecraft:sleep_in_bed":3,"minecraft:time_since_rest":21777,"minecraft:waystone_activated":2,"minecraft:damage_taken":3796,"minecraft:damage_absorbed":40,"minecraft:trigger_trapped_chest":4,"minecraft:damage_dealt":20520,"minecraft:swim_one_cm":66759,"minecraft:fly_one_cm":585040,"minecraft:open_chest":142,"minecraft:crouch_one_cm":32388,"minecraft:interact_with_smoker":1,"minecraft:fall_one_cm":85166,"minecraft:inspect_dispenser":4}},"DataVersion":2975}