{"stats":{"minecraft:used":{"minecraft:water_bucket":5,"minecraft:red_sand":17,"minecraft:iron_shovel":36,"minecraft:birch_planks":8,"minecraft:baked_potato":5,"minecraft:oak_planks":3,"minecraft:chest":1,"minecraft:shield":26,"minecraft:stone":42,"minecraft:torch":18,"minecraft:golden_apple":1,"minecraft:crafting_table":5,"minecraft:carrot":10,"vampirism:obsidian_armor_legs_ultimate":1,"minecraft:light_gray_concrete":1,"minecraft:iron_axe":131,"minecraft:bread":30,"minecraft:iron_pickaxe":36,"minecraft:diamond_sword":31,"minecraft:furnace":3,"minecraft:bucket":6,"minecraft:potato":11,"minecraft:brown_bed":1},"minecraft:mined":{"minecraft:sandstone_slab":1,"minecraft:gray_concrete":1,"byg:golden_spined_cactus":1,"minecraft:crafting_table":2,"gravestone:gravestone":1,"minecraft:red_sand":18,"minecraft:dead_bush":4,"minecraft:lectern":1,"minecraft:coal_block":1,"byg:firecracker_flower_bush":1,"minecraft:wall_torch":1,"minecraft:sugar_cane":6,"minecraft:oak_planks":3,"minecraft:sandstone":5,"minecraft:spawner":4,"byg:prickly_pear_cactus":1,"minecraft:hay_block":10,"minecraft:furnace":3,"minecraft:carrots":10,"minecraft:brown_bed":1,"minecraft:potatoes":10,"minecraft:oak_log":9,"minecraft:vine":1,"minecraft:light_gray_concrete":5,"byg:palo_verde_log":2,"minecraft:smooth_quartz":4,"minecraft:stone":10,"byg:mangrove_leaves":5,"minecraft:tripwire":2},"minecraft:crafted":{"minecraft:oak_planks":36,"minecraft:coal":9,"minecraft:diamond_sword":1,"minecraft:crafting_table":3,"minecraft:baked_potato":25,"minecraft:bucket":1,"minecraft:birch_planks":8,"minecraft:bread":27,"minecraft:air":0,"minecraft:diamond_pickaxe":1,"minecraft:shield":1,"minecraft:iron_axe":1,"minecraft:stick":4,"minecraft:iron_pickaxe":1,"minecraft:chest":1,"minecraft:torch":40,"minecraft:wheat":81},"minecraft:killed":{"minecraft:magma_cube":5,"born_in_chaos_v1:spirit_guide":1,"minecraft:husk":11,"dannys_expansion:desertic_slime":2,"born_in_chaos_v1:baby_skeleton":1,"born_in_chaos_v1:spirit_guide_assistant":1,"minecraft:iron_golem":1,"born_in_chaos_v1:zombie_bruiser":1,"born_in_chaos_v1:decrepit_skeleton":2,"born_in_chaos_v1:maggot":3,"minecraft:skeleton":12,"grimoireofgaia:mummy":1,"alexsmobs:cockroach":2,"minecraft:zombie":7},"minecraft:broken":{"minecraft:iron_axe":1},"minecraft:picked_up":{"born_in_chaos_v1:corpse_maggot":2,"minecraft:crafting_table":2,"minecraft:repeater":1,"tconstruct:materials_and_you":1,"minecraft:potato":34,"minecraft:brown_bed":1,"minecraft:oak_log":9,"gravestone:obituary":2,"minecraft:gray_concrete":3,"minecraft:string":3,"minecraft:bone":11,"minecraft:red_sand":17,"alexsmobs:cockroach_wing_fragment":1,"minecraft:iron_ingot":5,"dannys_expansion:sandy_clothes":1,"minecraft:iron_nugget":1,"artifacts:antidote_vessel":2,"minecraft:poppy":2,"minecraft:smooth_quartz":3,"minecraft:lectern":1,"minecraft:coal_block":1,"minecraft:sugar_cane":18,"minecraft:oak_planks":3,"minecraft:furnace":3,"minecraft:stick":2,"minecraft:sandstone":5,"born_in_chaos_v1:shattered_skull":1,"minecraft:torch":1,"born_in_chaos_v1:ethereal_spirit":1,"minecraft:poisonous_potato":1,"minecraft:carrot":30,"byg:prickly_pear_cactus":1,"minecraft:light_gray_concrete":6,"minecraft:arrow":8,"minecraft:rotten_flesh":7,"byg:palo_verde_log":2,"minecraft:hay_block":9,"minecraft:baked_potato":24,"minecraft:coal":10,"minecraft:skeleton_skull":1,"minecraft:cobblestone":10},"minecraft:killed_by":{"grimoireofgaia:ant_salvager":1,"minecraft:player":1},"minecraft:dropped":{"minecraft:bread":1,"minecraft:sugar_cane":9,"born_in_chaos_v1:shattered_skull":1,"minecraft:iron_nugget":1,"minecraft:baked_potato":24,"minecraft:poisonous_potato":1,"minecraft:cobblestone":10,"minecraft:rotten_flesh":7,"farmersdelight:rice":1,"minecraft:poppy":2,"minecraft:gray_concrete":3,"minecraft:repeater":1,"minecraft:smooth_quartz":3,"minecraft:map":1,"gravestone:obituary":4,"minecraft:iron_pickaxe":1,"minecraft:iron_shovel":1},"minecraft:custom":{"minecraft:interact_with_furnace":6,"minecraft:mob_kills":51,"minecraft:interact_with_crafting_table":7,"minecraft:tune_noteblock":1,"minecraft:open_barrel":1,"minecraft:damage_dealt_resisted":84,"minecraft:leave_game":1,"minecraft:sleep_in_bed":3,"minecraft:time_since_death":5890,"minecraft:climb_one_cm":17360,"minecraft:damage_absorbed":40,"minecraft:time_since_rest":5963,"minecraft:waystone_activated":2,"minecraft:sprint_one_cm":212649,"minecraft:damage_taken":2021,"minecraft:walk_one_cm":106320,"minecraft:damage_blocked_by_shield":521,"minecraft:drop":22,"minecraft:damage_dealt":11127,"minecraft:swim_one_cm":50662,"minecraft:fly_one_cm":406653,"minecraft:open_chest":88,"minecraft:crouch_one_cm":11170,"minecraft:play_time":59289,"minecraft:deaths":3,"minecraft:sneak_time":3190,"minecraft:walk_under_water_one_cm":8601,"minecraft:jump":1718,"minecraft:walk_on_water_one_cm":14510,"minecraft:interact_with_smoker":1,"minecraft:total_world_time":59289,"minecraft:fall_one_cm":57419,"minecraft:inspect_dispenser":1}},"DataVersion":2975}