{"stats":{"minecraft:mined":{"minecraft:crafting_table":1,"minecraft:red_sand":18,"minecraft:dead_bush":2,"minecraft:lectern":1,"minecraft:coal_block":1,"byg:firecracker_flower_bush":1,"minecraft:sugar_cane":6,"minecraft:oak_planks":3,"minecraft:spawner":4,"minecraft:hay_block":10,"minecraft:furnace":3,"minecraft:carrots":10,"minecraft:brown_bed":1,"minecraft:potatoes":10,"minecraft:oak_log":3,"minecraft:light_gray_concrete":5,"byg:palo_verde_log":2,"minecraft:smooth_quartz":2,"minecraft:stone":10,"minecraft:tripwire":2},"minecraft:used":{"minecraft:red_sand":17,"minecraft:iron_shovel":36,"minecraft:birch_planks":8,"minecraft:oak_planks":3,"minecraft:shield":2,"minecraft:stone":12,"minecraft:crafting_table":1,"minecraft:carrot":10,"minecraft:light_gray_concrete":1,"minecraft:iron_axe":67,"minecraft:bread":9,"minecraft:iron_pickaxe":25,"minecraft:potato":11},"minecraft:crafted":{"minecraft:oak_planks":12,"minecraft:crafting_table":1,"minecraft:birch_planks":8,"minecraft:shield":1,"minecraft:iron_axe":1,"minecraft:stick":4,"minecraft:iron_pickaxe":1},"minecraft:killed":{"minecraft:magma_cube":5,"minecraft:iron_golem":1,"born_in_chaos_v1:decrepit_skeleton":1,"minecraft:skeleton":12,"minecraft:zombie":1},"minecraft:killed_by":{"minecraft:player":1},"minecraft:picked_up":{"minecraft:crafting_table":1,"minecraft:repeater":1,"tconstruct:materials_and_you":1,"minecraft:potato":34,"minecraft:brown_bed":1,"minecraft:oak_log":3,"gravestone:obituary":2,"minecraft:gray_concrete":2,"minecraft:string":3,"minecraft:bone":7,"minecraft:red_sand":17,"minecraft:iron_ingot":5,"artifacts:antidote_vessel":1,"minecraft:poppy":1,"minecraft:smooth_quartz":3,"minecraft:lectern":1,"minecraft:coal_block":1,"minecraft:sugar_cane":9,"minecraft:oak_planks":3,"minecraft:furnace":3,"minecraft:stick":1,"minecraft:poisonous_potato":1,"minecraft:carrot":30,"minecraft:light_gray_concrete":6,"minecraft:arrow":8,"minecraft:rotten_flesh":4,"byg:palo_verde_log":2,"minecraft:hay_block":9,"minecraft:skeleton_skull":1,"minecraft:cobblestone":10},"minecraft:dropped":{"minecraft:repeater":1,"minecraft:smooth_quartz":3,"gravestone:obituary":3,"minecraft:iron_pickaxe":1,"minecraft:iron_shovel":1},"minecraft:custom":{"minecraft:interact_with_furnace":1,"minecraft:mob_kills":20,"minecraft:interact_with_crafting_table":3,"minecraft:tune_noteblock":1,"minecraft:leave_game":1,"minecraft:time_since_death":19500,"minecraft:climb_one_cm":6894,"minecraft:time_since_rest":19735,"minecraft:sprint_one_cm":56919,"minecraft:damage_taken":721,"minecraft:walk_one_cm":62103,"minecraft:damage_blocked_by_shield":40,"minecraft:drop":7,"minecraft:damage_dealt":4841,"minecraft:swim_one_cm":17538,"minecraft:fly_one_cm":107426,"minecraft:open_chest":17,"minecraft:crouch_one_cm":8416,"minecraft:play_time":23289,"minecraft:deaths":2,"minecraft:sneak_time":2191,"minecraft:walk_under_water_one_cm":1584,"minecraft:jump":435,"minecraft:walk_on_water_one_cm":1494,"minecraft:total_world_time":23289,"minecraft:fall_one_cm":11513,"minecraft:inspect_dispenser":1}},"DataVersion":2975}