{"stats":{"minecraft:used":{"minecraft:red_sand":17,"minecraft:iron_shovel":36,"minecraft:chest":1,"minecraft:shield":60,"minecraft:stone":42,"minecraft:rotten_flesh":3,"minecraft:torch":57,"minecraft:chainmail_chestplate":1,"minecraft:carrot":10,"minecraft:iron_axe":131,"minecraft:bow":16,"minecraft:furnace":6,"minecraft:potato":11,"minecraft:brown_bed":1,"minecraft:water_bucket":60,"minecraft:birch_planks":8,"minecraft:baked_potato":24,"minecraft:oak_planks":8,"minecraft:sandstone":56,"minecraft:leather_boots":1,"minecraft:golden_apple":2,"minecraft:crafting_table":5,"vampirism:obsidian_armor_legs_ultimate":1,"minecraft:diamond_pickaxe":162,"minecraft:light_gray_concrete":1,"minecraft:bread":41,"minecraft:iron_pickaxe":36,"minecraft:diamond_sword":326,"minecraft:smithing_table":1,"minecraft:bucket":61},"minecraft:mined":{"minecraft:yellow_terracotta":1,"minecraft:cut_sandstone_slab":1,"minecraft:stone_pressure_plate":1,"minecraft:jungle_leaves":2,"gravestone:gravestone":5,"minecraft:red_sand":18,"minecraft:coal_block":1,"minecraft:sandstone":104,"minecraft:sandstone_stairs":2,"minecraft:spawner":11,"minecraft:hay_block":10,"minecraft:glowstone":1,"minecraft:furnace":6,"minecraft:carrots":10,"minecraft:chiseled_sandstone":3,"minecraft:gold_block":3,"minecraft:brown_bed":1,"minecraft:potatoes":10,"minecraft:vine":1,"minecraft:rail":3,"minecraft:light_gray_concrete":5,"minecraft:smooth_sandstone_stairs":2,"minecraft:stone":17,"minecraft:white_wool":3,"minecraft:tripwire":4,"byg:mangrove_leaves":5,"minecraft:sandstone_slab":1,"minecraft:cut_sandstone":13,"minecraft:gray_concrete":1,"byg:golden_spined_cactus":1,"minecraft:smooth_sandstone":9,"minecraft:crafting_table":2,"minecraft:chest":1,"minecraft:dead_bush":5,"minecraft:lectern":1,"byg:firecracker_flower_bush":1,"minecraft:oak_planks":3,"minecraft:sugar_cane":6,"minecraft:diorite":3,"minecraft:wall_torch":2,"byg:prickly_pear_cactus":1,"minecraft:jungle_wood":3,"minecraft:tnt":5,"minecraft:oak_log":9,"minecraft:smooth_quartz":4,"minecraft:sand":60,"byg:palo_verde_log":2,"minecraft:cobweb":2},"minecraft:crafted":{"minecraft:oak_planks":36,"minecraft:coal":9,"travelersbackpack:blank_upgrade":4,"minecraft:glass":12,"minecraft:iron_axe":1,"minecraft:chest":1,"vampirism:obsidian_armor_legs_ultimate":2,"minecraft:wheat":81,"travelersbackpack:iron_tier_upgrade":1,"minecraft:diamond_sword":1,"minecraft:crafting_table":3,"travelersbackpack:backpack_tank":2,"minecraft:baked_potato":25,"minecraft:smithing_table":1,"minecraft:bucket":1,"minecraft:birch_planks":8,"minecraft:bread":27,"minecraft:air":0,"minecraft:jungle_planks":12,"minecraft:diamond_pickaxe":1,"minecraft:shield":1,"minecraft:stick":8,"minecraft:iron_pickaxe":1,"minecraft:gold_ingot":27,"minecraft:sandstone":9,"minecraft:torch":56},"minecraft:killed":{"born_in_chaos_v1:restless_spirit":1,"minecraft:spider":1,"born_in_chaos_v1:zombie_bruiser":1,"born_in_chaos_v1:maggot":18,"minecraft:skeleton":13,"grimoireofgaia:anubis":1,"grimoireofgaia:gravemite":4,"minecraft:magma_cube":5,"born_in_chaos_v1:spirit_guide":1,"minecraft:husk":72,"dannys_expansion:desertic_slime":4,"born_in_chaos_v1:baby_skeleton":1,"born_in_chaos_v1:spirit_guide_assistant":1,"minecraft:iron_golem":1,"born_in_chaos_v1:dread_hound_not_despawn":1,"born_in_chaos_v1:decrepit_skeleton":2,"grimoireofgaia:mummy":2,"minecraft:zombie":9,"alexsmobs:cockroach":3,"born_in_chaos_v1:corpse_fly":6},"minecraft:broken":{"minecraft:iron_axe":1,"minecraft:leather_boots":1},"minecraft:killed_by":{"minecraft:husk":1,"minecraft:player":1,"grimoireofgaia:anubis":1,"grimoireofgaia:ant_salvager":1},"minecraft:picked_up":{"minecraft:crafting_table":2,"minecraft:leather_leggings":1,"tconstruct:materials_and_you":1,"minecraft:brown_bed":1,"minecraft:gold_block":3,"gravestone:obituary":2,"minecraft:golden_sword":1,"minecraft:shield":1,"minecraft:string":11,"vampirism:obi_belt":1,"minecraft:red_sand":17,"dannys_expansion:sandy_clothes":1,"minecraft:chest":1,"minecraft:iron_nugget":1,"minecraft:poppy":2,"minecraft:smooth_quartz":3,"minecraft:sugar_cane":18,"minecraft:lectern":2,"minecraft:coal_block":1,"minecraft:furnace":6,"minecraft:stick":4,"minecraft:sandstone":82,"minecraft:stone":16,"born_in_chaos_v1:shattered_skull":1,"minecraft:torch":6,"minecraft:carrot":30,"byg:prickly_pear_cactus":1,"minecraft:golden_chestplate":1,"dannys_expansion:gel":1,"minecraft:arrow":8,"minecraft:rotten_flesh":9,"minecraft:hay_block":9,"minecraft:gold_ingot":18,"minecraft:white_wool":3,"minecraft:rail":2,"minecraft:cobblestone":10,"minecraft:skeleton_skull":1,"born_in_chaos_v1:corpse_maggot":6,"minecraft:repeater":1,"born_in_chaos_v1:monster_flesh":1,"minecraft:jungle_wood":3,"minecraft:potato":34,"minecraft:smooth_sandstone_stairs":1,"minecraft:oak_log":9,"minecraft:gray_concrete":3,"minecraft:leather_boots":3,"minecraft:bone":14,"alexsmobs:cockroach_wing_fragment":1,"minecraft:iron_ingot":5,"artifacts:antidote_vessel":3,"minecraft:glowstone_dust":2,"minecraft:oak_planks":4,"born_in_chaos_v1:ethereal_spirit":2,"minecraft:poisonous_potato":1,"minecraft:sand":55,"minecraft:light_gray_concrete":6,"byg:palo_verde_log":2,"minecraft:chainmail_helmet":1,"minecraft:baked_potato":24,"minecraft:coal":10},"minecraft:dropped":{"minecraft:enchanted_book":1,"minecraft:bread":1,"born_in_chaos_v1:shattered_skull":1,"minecraft:baked_potato":25,"minecraft:poisonous_potato":1,"minecraft:cobblestone":10,"minecraft:iron_horse_armor":1,"minecraft:chainmail_helmet":1,"minecraft:leather_helmet":1,"farmersdelight:rice":1,"minecraft:stick":2,"born_in_chaos_v1:monster_flesh":1,"minecraft:gray_concrete":3,"minecraft:repeater":1,"minecraft:smooth_quartz":3,"minecraft:map":1,"gravestone:obituary":8,"dannys_expansion:gel":1,"minecraft:iron_pickaxe":1,"vampirism:ring":1,"minecraft:iron_shovel":1,"minecraft:string":4,"minecraft:gold_ingot":18,"minecraft:bone":1,"minecraft:sugar_cane":9,"minecraft:iron_nugget":1,"minecraft:golden_chestplate":1,"vampirism:obi_belt":1,"minecraft:rotten_flesh":10,"minecraft:oak_planks":1,"minecraft:chainmail_chestplate":1,"minecraft:poppy":2,"minecraft:leather_chestplate":1,"minecraft:stone":32,"minecraft:shield":1,"born_in_chaos_v1:corpse_maggot":6,"minecraft:leather_boots":1,"minecraft:golden_sword":1,"minecraft:leather_leggings":1,"minecraft:sandstone":8,"minecraft:bow":2,"minecraft:lectern":1},"minecraft:custom":{"minecraft:interact_with_smithing_table":1,"minecraft:mob_kills":149,"minecraft:interact_with_crafting_table":16,"minecraft:open_barrel":17,"minecraft:damage_dealt_resisted":310,"minecraft:leave_game":1,"minecraft:time_since_death":7184,"minecraft:climb_one_cm":20685,"minecraft:sprint_one_cm":431074,"minecraft:walk_one_cm":206359,"minecraft:damage_blocked_by_shield":1511,"minecraft:drop":62,"minecraft:talked_to_villager":2,"minecraft:target_hit":16,"minecraft:play_time":119289,"minecraft:deaths":7,"minecraft:sneak_time":9648,"minecraft:walk_under_water_one_cm":20196,"minecraft:jump":2977,"minecraft:walk_on_water_one_cm":30300,"minecraft:total_world_time":119289,"minecraft:interact_with_furnace":18,"minecraft:tune_noteblock":1,"minecraft:sleep_in_bed":3,"minecraft:time_since_rest":7227,"minecraft:waystone_activated":2,"minecraft:damage_taken":4536,"minecraft:damage_absorbed":80,"minecraft:trigger_trapped_chest":4,"minecraft:damage_dealt":23929,"minecraft:swim_one_cm":66759,"minecraft:fly_one_cm":685005,"minecraft:open_chest":162,"minecraft:crouch_one_cm":32388,"minecraft:interact_with_smoker":1,"minecraft:fall_one_cm":102263,"minecraft:inspect_dispenser":4}},"DataVersion":2975}