{"stats":{"minecraft:used":{"minecraft:iron_shovel":38,"minecraft:shield":10,"minecraft:iron_sword":412,"minecraft:dirt":7,"minecraft:mutton":2,"minecraft:jungle_planks":10,"minecraft:wooden_axe":7,"minecraft:lava_bucket":3,"minecraft:iron_axe":45,"minecraft:iron_helmet":1,"minecraft:furnace":2,"tconstruct:sky_slime_bucket":4,"minecraft:cooked_beef":13,"minecraft:iron_leggings":1,"byg:ebony_planks":8,"minecraft:cooked_mutton":1,"minecraft:water_bucket":42,"minecraft:stone_pickaxe":10,"minecraft:oak_planks":25,"minecraft:wooden_pickaxe":10,"minecraft:white_wool":1,"minecraft:golden_apple":1,"minecraft:sand":10,"minecraft:terracotta":15,"minecraft:yellow_terracotta":28,"minecraft:crafting_table":6,"minecraft:white_bed":9,"tconstruct:sky_slime_dirt":5,"byg:fir_planks":27,"minecraft:melon_slice":37,"minecraft:bread":57,"minecraft:iron_pickaxe":93,"minecraft:stone_axe":19,"byg:ebony_boat":2,"minecraft:cobblestone":4,"minecraft:smithing_table":1,"minecraft:cooked_rabbit":6,"minecraft:bucket":50},"minecraft:mined":{"minecraft:yellow_terracotta":31,"minecraft:cut_sandstone_slab":1,"minecraft:white_bed":8,"minecraft:mossy_cobblestone":1,"orcz:palisadedarkoak":1,"born_in_chaos_v1:infected_diamond_ore":5,"byg:cracked_red_sand":4,"gravestone:gravestone":16,"minecraft:red_sand":2,"minecraft:grass_block":9,"minecraft:jungle_planks":1,"minecraft:brown_wool":3,"minecraft:spawner":8,"minecraft:furnace":1,"byg:fir_planks":9,"minecraft:fire":3,"minecraft:chiseled_sandstone":1,"minecraft:deepslate_lapis_ore":3,"tconstruct:earth_congealed_slime":3,"minecraft:stone":18,"tconstruct:sky_slime_dirt":6,"minecraft:tripwire":2,"minecraft:sandstone_slab":1,"ecologics:pot":9,"byg:golden_spined_cactus":2,"mekanism:block_salt":1,"minecraft:crafting_table":6,"minecraft:melon":8,"minecraft:rose_bush":4,"minecraft:tall_grass":2,"minecraft:lapis_ore":4,"minecraft:oak_planks":1,"minecraft:white_terracotta":1,"minecraft:jungle_wood":5,"byg:ebony_log":9,"minecraft:grass":14,"minecraft:oak_log":13,"minecraft:coal_ore":2,"minecraft:acacia_fence":1,"minecraft:sand":47,"minecraft:dirt":11,"byg:pink_cherry_foliage":1,"minecraft:terracotta":18,"byg:fir_log":8,"byg:shrub":1,"minecraft:oak_leaves":2,"minecraft:fern":1},"minecraft:crafted":{"minecraft:oak_planks":52,"minecraft:furnace":1,"minecraft:cooked_mutton":1,"minecraft:glass":12,"minecraft:diamond":9,"travelersbackpack:white_sleeping_bag":1,"minecraft:iron_axe":1,"minecraft:stone_pickaxe":1,"byg:ebony_boat":1,"minecraft:chest":1,"tconstruct:earth_congealed_slime":1,"byg:fir_planks":32,"minecraft:crafting_table":1,"travelersbackpack:backpack_tank":2,"minecraft:wooden_pickaxe":1,"travelersbackpack:standard":2,"minecraft:smithing_table":1,"minecraft:bucket":1,"minecraft:stone_axe":1,"minecraft:air":0,"minecraft:jungle_planks":16,"tconstruct:earth_slime_sling":1,"minecraft:shield":1,"minecraft:stick":8,"minecraft:iron_pickaxe":1,"minecraft:iron_ingot":15,"minecraft:iron_shovel":1,"minecraft:wooden_axe":1,"minecraft:gold_ingot":3,"minecraft:iron_leggings":2,"byg:ebony_planks":36,"minecraft:white_bed":1},"minecraft:killed":{"minecraft:cave_spider":1,"born_in_chaos_v1:restless_spirit":1,"minecraft:spider":2,"born_in_chaos_v1:baby_skeleton_minion":1,"born_in_chaos_v1:scarlet_persecutor":4,"born_in_chaos_v1:maggot":2,"minecraft:horse":3,"minecraft:skeleton":18,"grimoireofgaia:ender_eye":1,"minecraft:chicken":1,"born_in_chaos_v1:corpse_fish":5,"orcz:orcsavagemace":1,"minecraft:magma_cube":1,"born_in_chaos_v1:fallen_chaos_knight":1,"minecraft:husk":5,"orcz:weirdboinecro":1,"born_in_chaos_v1:diamond_termite":8,"minecraft:zombie_villager":1,"born_in_chaos_v1:baby_skeleton":1,"minecraft:hoglin":1,"born_in_chaos_v1:decrepit_skeleton":4,"minecraft:sheep":6,"minecraft:pillager":9,"minecraft:zombie":2,"grimoireofgaia:harpy":4,"grimoireofgaia:arachne":1,"minecraft:cow":6},"minecraft:broken":{"minecraft:iron_boots":1},"minecraft:killed_by":{"minecraft:husk":7,"minecraft:player":5,"dannys_expansion:cursed_skull":1,"minecraft:hoglin":3,"alexsmobs:centipede_head":1,"grimoireofgaia:minotaurus":1,"minecraft:skeleton":1},"minecraft:picked_up":{"born_in_chaos_v1:diamond_termite_shard":7,"minecraft:crafting_table":8,"minecraft:chicken":1,"tconstruct:materials_and_you":2,"gravestone:obituary":10,"minecraft:string":8,"byg:horseweed":4,"minecraft:iron_shovel":1,"minecraft:beef":10,"minecraft:iron_nugget":2,"minecraft:melon_slice":37,"byg:golden_spined_cactus":1,"minecraft:furnace":1,"minecraft:stick":5,"born_in_chaos_v1:shattered_skull":1,"minecraft:acacia_fence":1,"minecraft:porkchop":4,"tconstruct:sky_slime_dirt":6,"minecraft:redstone":1,"byg:fir_planks":23,"minecraft:arrow":17,"minecraft:rotten_flesh":7,"byg:fir_log":8,"minecraft:yellow_terracotta":28,"minecraft:mutton":5,"minecraft:white_wool":13,"minecraft:cobblestone":18,"minecraft:feather":1,"minecraft:leather":11,"minecraft:jungle_wood":4,"byg:ebony_boat":2,"minecraft:oak_log":13,"byg:white_anemone":1,"minecraft:gunpowder":3,"minecraft:lapis_lazuli":39,"minecraft:dirt":9,"minecraft:bone":19,"byg:ebony_log":9,"minecraft:wheat_seeds":5,"minecraft:oak_planks":4,"born_in_chaos_v1:ethereal_spirit":6,"minecraft:jungle_planks":8,"minecraft:sand":36,"minecraft:white_bed":8,"minecraft:diamond_block":1,"minecraft:spider_eye":1,"minecraft:slime_ball":12,"minecraft:bread":5,"minecraft:terracotta":15,"minecraft:oak_sapling":2,"minecraft:coal":2},"minecraft:dropped":{"minecraft:enchanted_book":3,"tconstruct:sky_slime_dirt":1,"minecraft:porkchop":4,"born_in_chaos_v1:shattered_skull":1,"minecraft:wheat_seeds":4,"minecraft:crafting_table":2,"byg:horseweed":4,"minecraft:iron_helmet":1,"byg:golden_spined_cactus":1,"minecraft:jungle_planks":7,"minecraft:coal":2,"minecraft:stick":8,"minecraft:dirt":2,"tconstruct:materials_and_you":1,"minecraft:wooden_axe":1,"minecraft:iron_leggings":1,"gravestone:obituary":27,"minecraft:gold_nugget":1,"vampirism:ring":1,"minecraft:iron_shovel":2,"minecraft:white_wool":7,"minecraft:stone_axe":1,"minecraft:iron_nugget":7,"born_in_chaos_v1:ethereal_spirit":6,"minecraft:rotten_flesh":2,"byg:fir_planks":14,"minecraft:oak_planks":3,"minecraft:leather_chestplate":1,"minecraft:potato":9,"minecraft:iron_chestplate":3,"born_in_chaos_v1:diamond_termite_shard":7,"minecraft:oak_sapling":2,"minecraft:leather_leggings":1,"minecraft:spider_eye":1,"minecraft:wooden_pickaxe":1,"minecraft:stone_pickaxe":1},"minecraft:custom":{"minecraft:interact_with_smithing_table":1,"minecraft:interact_with_anvil":1,"minecraft:mob_kills":94,"minecraft:interact_with_crafting_table":33,"minecraft:open_barrel":22,"minecraft:damage_dealt_resisted":293,"minecraft:leave_game":2,"minecraft:time_since_death":21413,"minecraft:climb_one_cm":18147,"minecraft:sprint_one_cm":476223,"minecraft:walk_one_cm":275190,"minecraft:damage_blocked_by_shield":550,"minecraft:drop":78,"minecraft:talked_to_villager":2,"minecraft:play_time":134918,"minecraft:deaths":22,"minecraft:sneak_time":2551,"minecraft:walk_under_water_one_cm":29123,"minecraft:boat_one_cm":24358,"minecraft:jump":4861,"minecraft:walk_on_water_one_cm":43669,"minecraft:total_world_time":134918,"minecraft:interact_with_furnace":17,"minecraft:sleep_in_bed":3,"minecraft:time_since_rest":7982,"minecraft:waystone_activated":1,"minecraft:damage_taken":25309,"minecraft:damage_absorbed":39,"minecraft:damage_dealt":20006,"minecraft:swim_one_cm":85787,"minecraft:fly_one_cm":1424792,"minecraft:player_kills":1,"minecraft:open_chest":50,"minecraft:crouch_one_cm":10694,"minecraft:fall_one_cm":181649}},"DataVersion":2975}