{"stats":{"minecraft:mined":{"byg:ebony_log":9,"gravestone:gravestone":7,"minecraft:crafting_table":3,"minecraft:grass":8,"minecraft:grass_block":3,"minecraft:oak_log":1,"minecraft:melon":8,"minecraft:dirt":5,"minecraft:stone":18,"minecraft:oak_leaves":2,"minecraft:fern":1},"minecraft:used":{"minecraft:wooden_axe":7,"minecraft:melon_slice":19,"minecraft:stone_pickaxe":10,"minecraft:shield":7,"minecraft:wooden_pickaxe":10,"minecraft:iron_sword":48,"minecraft:stone_axe":19,"byg:ebony_boat":1,"minecraft:dirt":6,"minecraft:cobblestone":2,"minecraft:crafting_table":4,"minecraft:furnace":1,"minecraft:white_bed":1},"minecraft:crafted":{"minecraft:oak_planks":4,"minecraft:shield":1,"minecraft:crafting_table":1,"minecraft:stick":8,"minecraft:iron_ingot":2,"minecraft:wooden_pickaxe":1,"minecraft:stone_pickaxe":1,"minecraft:wooden_axe":1,"byg:ebony_boat":1,"minecraft:furnace":1,"byg:ebony_planks":36,"minecraft:white_bed":1,"minecraft:stone_axe":1,"minecraft:air":0},"minecraft:killed":{"minecraft:skeleton":4,"minecraft:sheep":3,"minecraft:husk":2,"born_in_chaos_v1:maggot":1},"minecraft:killed_by":{"minecraft:husk":7,"minecraft:player":5},"minecraft:picked_up":{"minecraft:crafting_table":3,"tconstruct:materials_and_you":2,"byg:ebony_boat":1,"minecraft:oak_log":1,"gravestone:obituary":6,"minecraft:bone":4,"minecraft:dirt":7,"minecraft:arrow":3,"byg:ebony_log":9,"minecraft:wheat_seeds":2,"minecraft:melon_slice":37,"minecraft:mutton":3,"minecraft:white_wool":3,"minecraft:cobblestone":18},"minecraft:dropped":{"minecraft:dirt":1,"minecraft:wheat_seeds":2,"tconstruct:materials_and_you":1,"minecraft:wooden_axe":1,"gravestone:obituary":17,"minecraft:wooden_pickaxe":1},"minecraft:custom":{"minecraft:time_since_rest":3665,"minecraft:interact_with_furnace":3,"minecraft:sprint_one_cm":101058,"minecraft:damage_taken":18121,"minecraft:walk_one_cm":63864,"minecraft:damage_blocked_by_shield":280,"minecraft:mob_kills":11,"minecraft:drop":22,"minecraft:damage_dealt":3685,"minecraft:player_kills":1,"minecraft:interact_with_crafting_table":10,"minecraft:swim_one_cm":18881,"minecraft:fly_one_cm":218593,"minecraft:open_barrel":7,"minecraft:crouch_one_cm":1632,"minecraft:play_time":27103,"minecraft:deaths":12,"minecraft:sneak_time":388,"minecraft:walk_under_water_one_cm":683,"minecraft:boat_one_cm":4811,"minecraft:jump":1023,"minecraft:leave_game":1,"minecraft:time_since_death":3635,"minecraft:walk_on_water_one_cm":5819,"minecraft:sleep_in_bed":1,"minecraft:total_world_time":27103,"minecraft:climb_one_cm":1887,"minecraft:fall_one_cm":22350}},"DataVersion":2975}