{"stats":{"minecraft:used":{"minecraft:shield":9,"minecraft:iron_sword":264,"minecraft:dirt":7,"minecraft:mutton":2,"minecraft:jungle_planks":10,"minecraft:wooden_axe":7,"minecraft:lava_bucket":3,"minecraft:iron_axe":21,"minecraft:furnace":1,"tconstruct:sky_slime_bucket":4,"minecraft:cooked_beef":13,"minecraft:iron_leggings":1,"byg:ebony_planks":8,"minecraft:cooked_mutton":1,"minecraft:water_bucket":32,"minecraft:stone_pickaxe":10,"minecraft:oak_planks":9,"minecraft:wooden_pickaxe":10,"minecraft:golden_apple":1,"minecraft:sand":10,"minecraft:terracotta":15,"minecraft:yellow_terracotta":28,"minecraft:crafting_table":6,"minecraft:white_bed":9,"tconstruct:sky_slime_dirt":5,"minecraft:melon_slice":37,"minecraft:bread":22,"minecraft:iron_pickaxe":90,"minecraft:stone_axe":19,"byg:ebony_boat":2,"minecraft:cobblestone":4,"minecraft:cooked_rabbit":6,"minecraft:bucket":39},"minecraft:mined":{"minecraft:yellow_terracotta":31,"minecraft:cut_sandstone_slab":1,"minecraft:white_bed":8,"minecraft:mossy_cobblestone":1,"orcz:palisadedarkoak":1,"born_in_chaos_v1:infected_diamond_ore":5,"byg:cracked_red_sand":4,"gravestone:gravestone":14,"minecraft:red_sand":2,"minecraft:grass_block":4,"minecraft:jungle_planks":1,"minecraft:spawner":5,"minecraft:furnace":1,"minecraft:fire":3,"minecraft:chiseled_sandstone":1,"minecraft:deepslate_lapis_ore":3,"tconstruct:earth_congealed_slime":3,"minecraft:stone":18,"tconstruct:sky_slime_dirt":6,"minecraft:sandstone_slab":1,"ecologics:pot":9,"byg:golden_spined_cactus":2,"minecraft:crafting_table":6,"minecraft:melon":8,"minecraft:lapis_ore":4,"minecraft:oak_planks":1,"minecraft:white_terracotta":1,"minecraft:jungle_wood":5,"byg:ebony_log":9,"minecraft:grass":10,"minecraft:oak_log":7,"minecraft:coal_ore":2,"minecraft:acacia_fence":1,"minecraft:sand":20,"minecraft:dirt":6,"minecraft:terracotta":18,"minecraft:oak_leaves":2,"minecraft:fern":1},"minecraft:crafted":{"minecraft:oak_planks":28,"minecraft:furnace":1,"minecraft:cooked_mutton":1,"minecraft:iron_axe":1,"minecraft:stone_pickaxe":1,"byg:ebony_boat":1,"tconstruct:earth_congealed_slime":1,"minecraft:crafting_table":1,"minecraft:wooden_pickaxe":1,"minecraft:bucket":1,"minecraft:stone_axe":1,"minecraft:air":0,"minecraft:jungle_planks":16,"tconstruct:earth_slime_sling":1,"minecraft:shield":1,"minecraft:stick":8,"minecraft:iron_pickaxe":1,"minecraft:iron_ingot":15,"minecraft:wooden_axe":1,"minecraft:gold_ingot":3,"minecraft:iron_leggings":2,"byg:ebony_planks":36,"minecraft:white_bed":1},"minecraft:killed":{"minecraft:cave_spider":1,"born_in_chaos_v1:restless_spirit":1,"minecraft:spider":2,"born_in_chaos_v1:baby_skeleton_minion":1,"born_in_chaos_v1:scarlet_persecutor":4,"born_in_chaos_v1:maggot":2,"minecraft:skeleton":9,"grimoireofgaia:ender_eye":1,"minecraft:chicken":1,"orcz:orcsavagemace":1,"born_in_chaos_v1:fallen_chaos_knight":1,"minecraft:husk":5,"orcz:weirdboinecro":1,"born_in_chaos_v1:diamond_termite":8,"minecraft:zombie_villager":1,"born_in_chaos_v1:baby_skeleton":1,"minecraft:hoglin":1,"born_in_chaos_v1:decrepit_skeleton":4,"minecraft:sheep":6,"minecraft:pillager":9,"minecraft:zombie":2,"grimoireofgaia:arachne":1},"minecraft:killed_by":{"minecraft:husk":7,"minecraft:player":5,"minecraft:hoglin":3,"alexsmobs:centipede_head":1,"minecraft:skeleton":1},"minecraft:picked_up":{"born_in_chaos_v1:diamond_termite_shard":7,"minecraft:crafting_table":6,"minecraft:chicken":1,"tconstruct:materials_and_you":2,"gravestone:obituary":8,"minecraft:string":6,"minecraft:iron_nugget":2,"minecraft:melon_slice":37,"byg:golden_spined_cactus":1,"minecraft:furnace":1,"minecraft:stick":4,"born_in_chaos_v1:shattered_skull":1,"minecraft:acacia_fence":1,"minecraft:porkchop":4,"tconstruct:sky_slime_dirt":6,"minecraft:redstone":1,"minecraft:arrow":7,"minecraft:rotten_flesh":7,"minecraft:yellow_terracotta":28,"minecraft:mutton":5,"minecraft:white_wool":6,"minecraft:cobblestone":18,"minecraft:feather":1,"minecraft:leather":1,"minecraft:jungle_wood":4,"byg:ebony_boat":2,"minecraft:oak_log":7,"byg:white_anemone":1,"minecraft:gunpowder":3,"minecraft:lapis_lazuli":39,"minecraft:dirt":8,"minecraft:bone":11,"byg:ebony_log":9,"minecraft:wheat_seeds":4,"minecraft:oak_planks":1,"born_in_chaos_v1:ethereal_spirit":6,"minecraft:jungle_planks":8,"minecraft:sand":10,"minecraft:white_bed":8,"minecraft:diamond_block":1,"minecraft:spider_eye":1,"minecraft:slime_ball":12,"minecraft:bread":5,"minecraft:terracotta":15,"minecraft:oak_sapling":2,"minecraft:coal":2},"minecraft:dropped":{"minecraft:enchanted_book":3,"tconstruct:sky_slime_dirt":1,"minecraft:porkchop":4,"born_in_chaos_v1:shattered_skull":1,"minecraft:wheat_seeds":4,"byg:golden_spined_cactus":1,"minecraft:jungle_planks":7,"minecraft:stick":4,"minecraft:dirt":1,"tconstruct:materials_and_you":1,"minecraft:wooden_axe":1,"minecraft:iron_leggings":1,"gravestone:obituary":24,"minecraft:gold_nugget":1,"minecraft:stone_axe":1,"minecraft:iron_nugget":7,"born_in_chaos_v1:ethereal_spirit":6,"minecraft:rotten_flesh":2,"minecraft:leather_chestplate":1,"minecraft:iron_chestplate":3,"born_in_chaos_v1:diamond_termite_shard":7,"minecraft:oak_sapling":2,"minecraft:leather_leggings":1,"minecraft:spider_eye":1,"minecraft:wooden_pickaxe":1,"minecraft:stone_pickaxe":1},"minecraft:custom":{"minecraft:mob_kills":66,"minecraft:interact_with_crafting_table":23,"minecraft:open_barrel":22,"minecraft:damage_dealt_resisted":293,"minecraft:leave_game":2,"minecraft:time_since_death":2273,"minecraft:climb_one_cm":10809,"minecraft:sprint_one_cm":326025,"minecraft:walk_one_cm":205740,"minecraft:damage_blocked_by_shield":340,"minecraft:drop":57,"minecraft:play_time":98918,"minecraft:deaths":20,"minecraft:sneak_time":1853,"minecraft:walk_under_water_one_cm":12750,"minecraft:boat_one_cm":24358,"minecraft:jump":3560,"minecraft:walk_on_water_one_cm":34169,"minecraft:total_world_time":98918,"minecraft:interact_with_furnace":6,"minecraft:sleep_in_bed":2,"minecraft:time_since_rest":2298,"minecraft:waystone_activated":1,"minecraft:damage_taken":23232,"minecraft:damage_absorbed":39,"minecraft:damage_dealt":13626,"minecraft:swim_one_cm":75942,"minecraft:fly_one_cm":968201,"minecraft:player_kills":1,"minecraft:open_chest":36,"minecraft:crouch_one_cm":7831,"minecraft:fall_one_cm":128691}},"DataVersion":2975}