{"stats":{"minecraft:mined":{"byg:ebony_log":9,"minecraft:crafting_table":2,"minecraft:grass":1,"minecraft:grass_block":1,"minecraft:melon":6,"minecraft:stone":8},"minecraft:used":{"minecraft:wooden_axe":7,"minecraft:wooden_pickaxe":10,"minecraft:stone_axe":7,"minecraft:crafting_table":2},"minecraft:crafted":{"minecraft:crafting_table":1,"minecraft:stick":8,"minecraft:wooden_pickaxe":1,"minecraft:stone_pickaxe":1,"minecraft:wooden_axe":1,"byg:ebony_planks":36,"minecraft:stone_axe":1},"minecraft:killed_by":{"minecraft:player":5},"minecraft:picked_up":{"minecraft:crafting_table":2,"tconstruct:materials_and_you":1,"gravestone:obituary":1,"minecraft:dirt":1,"byg:ebony_log":9,"minecraft:melon_slice":29,"minecraft:cobblestone":8},"minecraft:dropped":{"minecraft:wooden_axe":1,"gravestone:obituary":5,"minecraft:wooden_pickaxe":1},"minecraft:custom":{"minecraft:time_since_rest":7262,"minecraft:sprint_one_cm":54775,"minecraft:damage_taken":16167,"minecraft:walk_one_cm":41080,"minecraft:drop":7,"minecraft:damage_dealt":923,"minecraft:player_kills":1,"minecraft:interact_with_crafting_table":3,"minecraft:swim_one_cm":17974,"minecraft:fly_one_cm":125983,"minecraft:crouch_one_cm":1595,"minecraft:play_time":15103,"minecraft:deaths":5,"minecraft:sneak_time":376,"minecraft:walk_under_water_one_cm":567,"minecraft:jump":496,"minecraft:leave_game":1,"minecraft:time_since_death":7236,"minecraft:walk_on_water_one_cm":3684,"minecraft:total_world_time":15103,"minecraft:climb_one_cm":744,"minecraft:fall_one_cm":7988}},"DataVersion":2975}