{"stats":{"minecraft:mined":{"minecraft:white_bed":4,"born_in_chaos_v1:infected_diamond_ore":1,"byg:cracked_red_sand":3,"minecraft:crafting_table":5,"gravestone:gravestone":7,"minecraft:red_sand":1,"minecraft:grass_block":3,"minecraft:melon":8,"minecraft:furnace":1,"byg:ebony_log":9,"minecraft:deepslate_lapis_ore":2,"minecraft:coal_ore":2,"minecraft:grass":8,"minecraft:oak_log":1,"minecraft:dirt":5,"minecraft:stone":18,"minecraft:oak_leaves":2,"minecraft:fern":1},"minecraft:used":{"byg:ebony_planks":4,"minecraft:cooked_mutton":1,"minecraft:water_bucket":4,"minecraft:stone_pickaxe":10,"minecraft:wooden_pickaxe":10,"minecraft:shield":7,"minecraft:iron_sword":81,"minecraft:dirt":6,"minecraft:crafting_table":5,"minecraft:white_bed":4,"minecraft:wooden_axe":7,"minecraft:iron_axe":4,"minecraft:bread":2,"minecraft:melon_slice":33,"minecraft:iron_pickaxe":7,"minecraft:stone_axe":19,"byg:ebony_boat":2,"minecraft:cobblestone":4,"minecraft:furnace":1,"minecraft:bucket":5,"minecraft:iron_leggings":1},"minecraft:crafted":{"minecraft:oak_planks":4,"minecraft:crafting_table":1,"minecraft:wooden_pickaxe":1,"minecraft:furnace":1,"minecraft:bucket":1,"minecraft:stone_axe":1,"minecraft:cooked_mutton":1,"minecraft:air":0,"minecraft:shield":1,"minecraft:iron_axe":1,"minecraft:stick":8,"minecraft:iron_pickaxe":1,"minecraft:iron_ingot":15,"minecraft:gold_ingot":3,"minecraft:stone_pickaxe":1,"minecraft:wooden_axe":1,"byg:ebony_boat":1,"minecraft:iron_leggings":2,"byg:ebony_planks":36,"minecraft:white_bed":1},"minecraft:killed":{"minecraft:cave_spider":1,"minecraft:husk":2,"born_in_chaos_v1:diamond_termite":1,"minecraft:zombie_villager":1,"born_in_chaos_v1:maggot":2,"grimoireofgaia:ender_eye":1,"minecraft:sheep":3,"minecraft:skeleton":4,"minecraft:zombie":1,"grimoireofgaia:arachne":1},"minecraft:killed_by":{"minecraft:husk":7,"minecraft:player":5},"minecraft:picked_up":{"born_in_chaos_v1:diamond_termite_shard":1,"minecraft:crafting_table":5,"tconstruct:materials_and_you":2,"byg:ebony_boat":2,"minecraft:oak_log":1,"gravestone:obituary":6,"minecraft:gunpowder":1,"minecraft:dirt":7,"minecraft:bone":4,"byg:ebony_log":9,"minecraft:wheat_seeds":4,"minecraft:iron_nugget":1,"minecraft:melon_slice":37,"minecraft:furnace":1,"minecraft:white_bed":4,"minecraft:redstone":1,"minecraft:arrow":4,"minecraft:rotten_flesh":3,"minecraft:mutton":5,"minecraft:coal":2,"minecraft:white_wool":3,"minecraft:cobblestone":18},"minecraft:dropped":{"minecraft:enchanted_book":3,"minecraft:stone_axe":1,"minecraft:wheat_seeds":4,"minecraft:iron_nugget":6,"minecraft:leather_chestplate":1,"minecraft:dirt":1,"tconstruct:materials_and_you":1,"minecraft:iron_chestplate":3,"minecraft:wooden_axe":1,"minecraft:gold_nugget":1,"minecraft:leather_leggings":1,"minecraft:iron_leggings":1,"gravestone:obituary":17,"minecraft:stone_pickaxe":1,"minecraft:wooden_pickaxe":1},"minecraft:custom":{"minecraft:interact_with_furnace":6,"minecraft:mob_kills":18,"minecraft:interact_with_crafting_table":18,"minecraft:open_barrel":17,"minecraft:damage_dealt_resisted":98,"minecraft:leave_game":1,"minecraft:time_since_death":15635,"minecraft:sleep_in_bed":1,"minecraft:climb_one_cm":2687,"minecraft:time_since_rest":15665,"minecraft:sprint_one_cm":124893,"minecraft:damage_taken":18515,"minecraft:walk_one_cm":81958,"minecraft:damage_blocked_by_shield":280,"minecraft:drop":36,"minecraft:damage_dealt":5327,"minecraft:swim_one_cm":18881,"minecraft:fly_one_cm":271689,"minecraft:player_kills":1,"minecraft:open_chest":5,"minecraft:crouch_one_cm":3789,"minecraft:play_time":39103,"minecraft:deaths":12,"minecraft:sneak_time":901,"minecraft:walk_under_water_one_cm":704,"minecraft:boat_one_cm":24358,"minecraft:jump":1266,"minecraft:walk_on_water_one_cm":8351,"minecraft:total_world_time":39103,"minecraft:fall_one_cm":31215}},"DataVersion":2975}