{"stats":{"minecraft:picked_up":{"gravestone:obituary":1},"minecraft:killed_by":{"minecraft:player":4},"minecraft:dropped":{"gravestone:obituary":4},"minecraft:custom":{"minecraft:jump":235,"minecraft:leave_game":1,"minecraft:time_since_rest":1269,"minecraft:crouch_one_cm":229,"minecraft:deaths":4,"minecraft:damage_dealt":728,"minecraft:damage_taken":15875,"minecraft:sprint_one_cm":20635,"minecraft:play_time":5948,"minecraft:time_since_death":1242,"minecraft:walk_one_cm":23260,"minecraft:sneak_time":35,"minecraft:total_world_time":5948,"minecraft:fall_one_cm":1577,"minecraft:drop":4,"minecraft:fly_one_cm":64573,"minecraft:player_kills":1}},"DataVersion":2975}