{"stats":{"minecraft:mined":{"minecraft:sandstone_slab":1,"minecraft:cut_sandstone_slab":1,"minecraft:white_bed":8,"ecologics:pot":5,"byg:golden_spined_cactus":2,"born_in_chaos_v1:infected_diamond_ore":5,"byg:cracked_red_sand":4,"minecraft:crafting_table":5,"gravestone:gravestone":12,"minecraft:red_sand":1,"minecraft:grass_block":3,"minecraft:melon":8,"minecraft:lapis_ore":4,"minecraft:spawner":5,"minecraft:jungle_wood":5,"minecraft:furnace":1,"minecraft:chiseled_sandstone":1,"byg:ebony_log":9,"minecraft:deepslate_lapis_ore":3,"minecraft:grass":8,"minecraft:coal_ore":2,"minecraft:oak_log":1,"minecraft:acacia_fence":1,"minecraft:sand":14,"minecraft:dirt":5,"minecraft:stone":18,"minecraft:oak_leaves":2,"minecraft:fern":1},"minecraft:used":{"byg:ebony_planks":8,"minecraft:cooked_mutton":1,"minecraft:water_bucket":17,"minecraft:stone_pickaxe":10,"minecraft:wooden_pickaxe":10,"minecraft:iron_sword":221,"minecraft:shield":9,"minecraft:golden_apple":1,"minecraft:dirt":6,"minecraft:sand":1,"minecraft:mutton":2,"minecraft:crafting_table":5,"minecraft:jungle_planks":7,"minecraft:white_bed":9,"minecraft:wooden_axe":7,"minecraft:iron_axe":11,"minecraft:bread":17,"minecraft:melon_slice":37,"minecraft:iron_pickaxe":32,"byg:ebony_boat":2,"minecraft:stone_axe":19,"minecraft:cobblestone":4,"minecraft:furnace":1,"minecraft:bucket":17,"minecraft:iron_leggings":1},"minecraft:crafted":{"minecraft:oak_planks":4,"minecraft:crafting_table":1,"minecraft:wooden_pickaxe":1,"minecraft:furnace":1,"minecraft:bucket":1,"minecraft:stone_axe":1,"minecraft:jungle_planks":16,"minecraft:air":0,"minecraft:cooked_mutton":1,"minecraft:shield":1,"minecraft:iron_axe":1,"minecraft:stick":8,"minecraft:iron_ingot":15,"minecraft:iron_pickaxe":1,"minecraft:stone_pickaxe":1,"minecraft:wooden_axe":1,"byg:ebony_boat":1,"minecraft:iron_leggings":2,"minecraft:gold_ingot":3,"byg:ebony_planks":36,"minecraft:white_bed":1},"minecraft:killed":{"minecraft:cave_spider":1,"born_in_chaos_v1:fallen_chaos_knight":1,"minecraft:husk":5,"born_in_chaos_v1:restless_spirit":1,"minecraft:zombie_villager":1,"born_in_chaos_v1:diamond_termite":8,"born_in_chaos_v1:baby_skeleton":1,"minecraft:spider":2,"minecraft:hoglin":1,"born_in_chaos_v1:maggot":2,"born_in_chaos_v1:baby_skeleton_minion":1,"born_in_chaos_v1:decrepit_skeleton":4,"born_in_chaos_v1:scarlet_persecutor":4,"minecraft:sheep":3,"minecraft:skeleton":9,"grimoireofgaia:ender_eye":1,"minecraft:zombie":2,"grimoireofgaia:arachne":1},"minecraft:killed_by":{"minecraft:husk":7,"minecraft:player":5,"alexsmobs:centipede_head":1,"minecraft:hoglin":3,"minecraft:skeleton":1},"minecraft:picked_up":{"minecraft:crafting_table":5,"born_in_chaos_v1:diamond_termite_shard":7,"minecraft:leather":1,"minecraft:jungle_wood":4,"tconstruct:materials_and_you":2,"byg:ebony_boat":2,"minecraft:oak_log":1,"gravestone:obituary":8,"byg:white_anemone":1,"minecraft:gunpowder":2,"minecraft:lapis_lazuli":39,"minecraft:dirt":7,"minecraft:string":4,"minecraft:bone":11,"byg:ebony_log":9,"minecraft:wheat_seeds":4,"minecraft:iron_nugget":1,"minecraft:melon_slice":37,"byg:golden_spined_cactus":1,"minecraft:furnace":1,"born_in_chaos_v1:shattered_skull":1,"minecraft:acacia_fence":1,"born_in_chaos_v1:ethereal_spirit":6,"minecraft:porkchop":4,"minecraft:sand":9,"minecraft:white_bed":8,"minecraft:redstone":1,"minecraft:arrow":7,"minecraft:rotten_flesh":7,"minecraft:bread":5,"minecraft:mutton":5,"minecraft:coal":2,"minecraft:white_wool":3,"minecraft:cobblestone":18},"minecraft:dropped":{"minecraft:enchanted_book":3,"minecraft:stone_axe":1,"born_in_chaos_v1:shattered_skull":1,"minecraft:porkchop":4,"minecraft:wheat_seeds":4,"minecraft:iron_nugget":6,"born_in_chaos_v1:ethereal_spirit":6,"minecraft:rotten_flesh":2,"byg:golden_spined_cactus":1,"minecraft:leather_chestplate":1,"minecraft:dirt":1,"tconstruct:materials_and_you":1,"minecraft:iron_chestplate":3,"minecraft:wooden_axe":1,"minecraft:leather_leggings":1,"minecraft:iron_leggings":1,"gravestone:obituary":24,"minecraft:gold_nugget":1,"minecraft:stone_pickaxe":1,"minecraft:wooden_pickaxe":1},"minecraft:custom":{"minecraft:interact_with_furnace":6,"minecraft:mob_kills":50,"minecraft:interact_with_crafting_table":18,"minecraft:open_barrel":22,"minecraft:damage_dealt_resisted":98,"minecraft:leave_game":2,"minecraft:time_since_death":11199,"minecraft:sleep_in_bed":2,"minecraft:climb_one_cm":10017,"minecraft:time_since_rest":11230,"minecraft:damage_absorbed":39,"minecraft:sprint_one_cm":189711,"minecraft:damage_taken":20516,"minecraft:walk_one_cm":135810,"minecraft:damage_blocked_by_shield":340,"minecraft:drop":50,"minecraft:damage_dealt":11426,"minecraft:play_time":62918,"minecraft:player_kills":1,"minecraft:swim_one_cm":21193,"minecraft:open_chest":28,"minecraft:fly_one_cm":431111,"minecraft:crouch_one_cm":6005,"minecraft:deaths":17,"minecraft:sneak_time":1380,"minecraft:walk_under_water_one_cm":10192,"minecraft:boat_one_cm":24358,"minecraft:jump":2055,"minecraft:walk_on_water_one_cm":23290,"minecraft:total_world_time":62918,"minecraft:fall_one_cm":60497}},"DataVersion":2975}