{
  "minecraft:recipes/tools/fishing_rod": {
    "criteria": {
      "has_string": "2024-10-10 02:24:36 +0000"
    },
    "done": true
  },
  "securitycraft:recipes/securitycraft/universal_block_remover": {
    "criteria": {
      "has_iron": "2024-10-11 22:04:21 +0000"
    },
    "done": true
  },
  "incendium:technical/on_block": {
    "criteria": {
      "log_spam_fixer": "2024-10-16 23:40:48 +0000"
    },
    "done": false
  },
  "ecologics:recipes/ecologics/walnut_boat": {
    "criteria": {
      "in_water": "2024-10-06 21:28:04 +0000"
    },
    "done": true
  },
  "minecraft:recipes/redstone/lever": {
    "criteria": {
      "has_cobblestone": "2024-10-10 02:24:35 +0000"
    },
    "done": true
  },
  "minecraft:recipes/building_blocks/cobblestone_stairs_from_cobblestone_stonecutting": {
    "criteria": {
      "has_cobblestone": "2024-10-10 02:24:35 +0000"
    },
    "done": true
  },
  "farmersdelight:recipes/farmersdelight/cooking/chicken_soup": {
    "criteria": {
      "has_any_ingredient": "2024-10-11 22:04:28 +0000"
    },
    "done": true
  },
  "farmersdelight:recipes/farmersdelight/organic_compost_from_rotten_flesh": {
    "criteria": {
      "has_rotten_flesh": "2024-10-10 02:19:52 +0000"
    },
    "done": true
  },
  "minecraft:recipes/combat/iron_sword": {
    "criteria": {
      "has_iron_ingot": "2024-10-11 22:04:21 +0000"
    },
    "done": true
  },
  "securitycraft:recipes/securitycraft/panic_button": {
    "criteria": {
      "has_redstone": "2024-10-10 02:18:48 +0000"
    },
    "done": true
  },
  "grimoireofgaia:main/flesh_lich": {
    "criteria": {
      "kill": "2024-10-10 02:19:36 +0000"
    },
    "done": true
  },
  "minecraft:recipes/building_blocks/stone_bricks": {
    "criteria": {
      "has_stone": "2024-10-11 21:59:29 +0000"
    },
    "done": true
  },
  "tconstruct:tools/materials_and_you": {
    "criteria": {
      "crafted_book": "2024-10-06 21:27:47 +0000"
    },
    "done": true
  },
  "securitycraft:recipes/securitycraft/reinforced_andesite_with_vanilla_diorite": {
    "criteria": {
      "has_cobblestone": "2024-10-06 21:31:32 +0000"
    },
    "done": true
  },
  "tconstruct:internal/starting_book": {
    "criteria": {
      "tick": "2024-10-06 21:27:47 +0000"
    },
    "done": true
  },
  "minecraft:recipes/building_blocks/polished_deepslate": {
    "criteria": {
      "has_cobbled_deepslate": "2024-10-10 02:18:44 +0000"
    },
    "done": true
  },
  "minecraft:recipes/building_blocks/chiseled_deepslate_from_cobbled_deepslate_stonecutting": {
    "criteria": {
      "has_cobbled_deepslate": "2024-10-10 02:18:44 +0000"
    },
    "done": true
  },
  "minecraft:recipes/building_blocks/polished_andesite_stairs_from_andesite_stonecutting": {
    "criteria": {
      "has_andesite": "2024-10-10 02:50:49 +0000"
    },
    "done": true
  },
  "securitycraft:recipes/securitycraft/reinforced_spruce_fence": {
    "criteria": {
      "has_stick": "2024-10-10 02:46:15 +0000"
    },
    "done": true
  },
  "securitycraft:recipes/securitycraft/sentry": {
    "criteria": {
      "has_iron": "2024-10-11 22:04:21 +0000"
    },
    "done": true
  },
  "vampirism:recipes/vampirism/general/fire_place": {
    "criteria": {
      "has_logs": "2024-10-06 21:30:21 +0000"
    },
    "done": true
  },
  "minecraft:recipes/tools/iron_pickaxe": {
    "criteria": {
      "has_iron_ingot": "2024-10-11 22:04:21 +0000"
    },
    "done": true
  },
  "minecraft:recipes/decorations/campfire": {
    "criteria": {
      "has_coal": "2024-10-06 21:33:05 +0000"
    },
    "done": true
  },
  "minecraft:recipes/decorations/candle": {
    "criteria": {
      "has_string": "2024-10-10 02:24:36 +0000"
    },
    "done": true
  },
  "securitycraft:recipes/securitycraft/block_pocket_manager": {
    "criteria": {
      "has_redstone_block": "2024-10-10 02:26:47 +0000"
    },
    "done": true
  },
  "minecraft:recipes/redstone/redstone": {
    "criteria": {
      "has_redstone_block": "2024-10-10 02:26:47 +0000"
    },
    "done": true
  },
  "minecraft:recipes/building_blocks/smooth_stone": {
    "criteria": {
      "has_stone": "2024-10-11 21:59:29 +0000"
    },
    "done": true
  },
  "minecraft:recipes/decorations/ladder": {
    "criteria": {
      "has_stick": "2024-10-10 02:46:15 +0000"
    },
    "done": true
  },
  "minecraft:recipes/misc/iron_nugget": {
    "criteria": {
      "has_iron_ingot": "2024-10-11 22:04:21 +0000"
    },
    "done": true
  },
  "minecraft:recipes/decorations/chest": {
    "criteria": {
      "has_lots_of_items": "2024-10-06 21:32:09 +0000"
    },
    "done": true
  },
  "ecologics:recipes/ecologics/flowering_azalea_boat": {
    "criteria": {
      "in_water": "2024-10-06 21:28:04 +0000"
    },
    "done": true
  },
  "securitycraft:recipes/securitycraft/reinforced_redstone_lamp": {
    "criteria": {
      "has_redstone": "2024-10-10 02:18:48 +0000"
    },
    "done": true
  },
  "minecraft:recipes/building_blocks/stone_slab_from_stone_stonecutting": {
    "criteria": {
      "has_stone": "2024-10-11 21:59:29 +0000"
    },
    "done": true
  },
  "minecraft:recipes/building_blocks/cobbled_deepslate_slab": {
    "criteria": {
      "has_cobbled_deepslate": "2024-10-10 02:18:44 +0000"
    },
    "done": true
  },
  "minecraft:recipes/building_blocks/chiseled_stone_bricks_stone_from_stonecutting": {
    "criteria": {
      "has_stone": "2024-10-11 21:59:29 +0000"
    },
    "done": true
  },
  "travelersbackpack:recipes/travelersbackpack/wolf": {
    "criteria": {
      "has_bone": "2024-10-06 21:34:47 +0000"
    },
    "done": true
  },
  "minecraft:recipes/building_blocks/deepslate_tile_slab_from_cobbled_deepslate_stonecutting": {
    "criteria": {
      "has_cobbled_deepslate": "2024-10-10 02:18:44 +0000"
    },
    "done": true
  },
  "minecraft:recipes/tools/wooden_shovel": {
    "criteria": {
      "has_stick": "2024-10-10 02:46:15 +0000"
    },
    "done": true
  },
  "securitycraft:recipes/securitycraft/track_mine": {
    "criteria": {
      "has_iron": "2024-10-11 22:04:21 +0000"
    },
    "done": true
  },
  "travelersbackpack:recipes/travelersbackpack/spider": {
    "criteria": {
      "has_string": "2024-10-10 02:24:36 +0000"
    },
    "done": true
  },
  "farmersdelight:recipes/farmersdelight/cooking/vegetable_soup": {
    "criteria": {
      "has_any_ingredient": "2024-10-11 22:04:28 +0000"
    },
    "done": true
  },
  "minecraft:recipes/combat/diamond_sword": {
    "criteria": {
      "has_diamond": "2024-10-10 02:19:29 +0000"
    },
    "done": true
  },
  "minecraft:recipes/tools/shears": {
    "criteria": {
      "has_iron_ingot": "2024-10-11 22:04:21 +0000"
    },
    "done": true
  },
  "minecraft:recipes/building_blocks/stone_brick_slab_from_stone_stonecutting": {
    "criteria": {
      "has_stone": "2024-10-11 21:59:29 +0000"
    },
    "done": true
  },
  "minecraft:recipes/transportation/spruce_boat": {
    "criteria": {
      "in_water": "2024-10-06 21:28:04 +0000"
    },
    "done": true
  },
  "minecraft:recipes/decorations/jukebox": {
    "criteria": {
      "has_diamond": "2024-10-10 02:19:29 +0000"
    },
    "done": true
  },
  "securitycraft:recipes/securitycraft/reinforced_oak_fence": {
    "criteria": {
      "has_stick": "2024-10-10 02:46:15 +0000"
    },
    "done": true
  },
  "travelersbackpack:recipes/travelersbackpack/redstone": {
    "criteria": {
      "has_redstone": "2024-10-10 02:18:48 +0000"
    },
    "done": true
  },
  "securitycraft:recipes/securitycraft/blacklist_module": {
    "criteria": {
      "has_iron": "2024-10-11 22:04:21 +0000"
    },
    "done": true
  },
  "securitycraft:recipes/securitycraft/speed_module": {
    "criteria": {
      "has_iron": "2024-10-11 22:04:21 +0000"
    },
    "done": true
  },
  "minecraft:recipes/misc/firework_rocket_simple": {
    "criteria": {
      "has_gunpowder": "2024-10-10 02:23:36 +0000"
    },
    "done": true
  },
  "minecraft:recipes/redstone/dispenser": {
    "criteria": {
      "has_bow": "2024-10-10 02:23:35 +0000"
    },
    "done": true
  },
  "grimoireofgaia:main/bone_knight": {
    "criteria": {
      "kill": "2024-10-10 02:21:36 +0000"
    },
    "done": true
  },
  "travelersbackpack:recipes/travelersbackpack/creeper": {
    "criteria": {
      "has_gunpowder": "2024-10-10 02:23:36 +0000"
    },
    "done": true
  },
  "securitycraft:recipes/securitycraft/electrified_iron_fence": {
    "criteria": {
      "has_iron": "2024-10-11 22:04:21 +0000"
    },
    "done": true
  },
  "minecraft:recipes/food/mushroom_stew": {
    "criteria": {
      "has_bowl": "2024-10-06 21:31:27 +0000"
    },
    "done": true
  },
  "securitycraft:recipes/securitycraft/harming_module": {
    "criteria": {
      "has_iron": "2024-10-11 22:04:21 +0000"
    },
    "done": true
  },
  "vampirism:recipes/vampirism/vampire/vampire_cloak_black_white": {
    "criteria": {
      "has_pure_blood": "2024-10-10 02:49:56 +0000"
    },
    "done": true
  },
  "securitycraft:recipes/securitycraft/reinforced_andesite_with_vanilla_cobblestone": {
    "criteria": {
      "has_cobblestone": "2024-10-06 21:31:32 +0000"
    },
    "done": true
  },
  "securitycraft:recipes/securitycraft/reinforced_dark_oak_fence_gate": {
    "criteria": {
      "has_stick": "2024-10-10 02:46:15 +0000"
    },
    "done": true
  },
  "farmersdelight:recipes/farmersdelight/sweet_berry_cookie": {
    "criteria": {
      "has_sweet_berries": "2024-10-10 02:46:14 +0000"
    },
    "done": true
  },
  "minecraft:recipes/combat/iron_leggings": {
    "criteria": {
      "has_iron_ingot": "2024-10-11 22:04:21 +0000"
    },
    "done": true
  },
  "securitycraft:recipes/securitycraft/keypad_frame": {
    "criteria": {
      "has_redstone": "2024-10-10 02:18:48 +0000"
    },
    "done": true
  },
  "minecraft:recipes/brewing/golden_carrot": {
    "criteria": {
      "has_gold_nugget": "2024-10-10 02:19:38 +0000"
    },
    "done": true
  },
  "minecraft:recipes/tools/wooden_hoe": {
    "criteria": {
      "has_stick": "2024-10-10 02:46:15 +0000"
    },
    "done": true
  },
  "vampirism:recipes/vampirism/hunter/crossbow_arrow_from_vanilla": {
    "criteria": {
      "has_arrow": "2024-10-06 21:34:52 +0000"
    },
    "done": true
  },
  "minecraft:recipes/combat/shield": {
    "criteria": {
      "has_iron_ingot": "2024-10-11 22:04:21 +0000"
    },
    "done": true
  },
  "minecraft:recipes/building_blocks/cobblestone_slab": {
    "criteria": {
      "has_cobblestone": "2024-10-10 02:24:35 +0000"
    },
    "done": true
  },
  "travelersbackpack:recipes/travelersbackpack/iron_tier_upgrade": {
    "criteria": {
      "has_iron_ingot": "2024-10-11 22:04:21 +0000"
    },
    "done": true
  },
  "minecraft:recipes/misc/bucket": {
    "criteria": {
      "has_iron_ingot": "2024-10-11 22:04:21 +0000"
    },
    "done": true
  },
  "byg:recipes/building_blocks/holly_planks": {
    "criteria": {
      "has_logs": "2024-10-06 21:30:21 +0000"
    },
    "done": true
  },
  "minecraft:recipes/building_blocks/cobblestone_stairs": {
    "criteria": {
      "has_cobblestone": "2024-10-10 02:24:35 +0000"
    },
    "done": true
  },
  "minecraft:recipes/redstone/hopper": {
    "criteria": {
      "has_iron_ingot": "2024-10-11 22:04:21 +0000"
    },
    "done": true
  },
  "industrialforegoing:recipes/industrialforegoing_core/plastic": {
    "criteria": {
      "has_plastic": "2024-10-06 21:27:47 +0000"
    },
    "done": true
  },
  "minecraft:recipes/decorations/cobbled_deepslate_wall_from_cobbled_deepslate_stonecutting": {
    "criteria": {
      "has_cobbled_deepslate": "2024-10-10 02:18:44 +0000"
    },
    "done": true
  },
  "farmersdelight:recipes/food/cooking/rabbit_stew": {
    "criteria": {
      "has_any_ingredient": "2024-10-11 22:04:28 +0000"
    },
    "done": true
  },
  "vampirism:main/root": {
    "criteria": {
      "main": "2024-10-10 02:23:48 +0000"
    },
    "done": true
  },
  "securitycraft:recipes/securitycraft/taser": {
    "criteria": {
      "has_redstone": "2024-10-10 02:18:48 +0000"
    },
    "done": true
  },
  "minecraft:recipes/redstone/note_block": {
    "criteria": {
      "has_redstone": "2024-10-10 02:18:48 +0000"
    },
    "done": true
  },
  "farmersdelight:recipes/farmersdelight/cooking/beef_stew": {
    "criteria": {
      "has_any_ingredient": "2024-10-11 22:04:28 +0000"
    },
    "done": true
  },
  "securitycraft:recipes/securitycraft/redstone_module": {
    "criteria": {
      "has_iron": "2024-10-11 22:04:21 +0000"
    },
    "done": true
  },
  "minecraft:recipes/building_blocks/deepslate_tile_stairs_from_cobbled_deepslate_stonecutting": {
    "criteria": {
      "has_cobbled_deepslate": "2024-10-10 02:18:44 +0000"
    },
    "done": true
  },
  "minecraft:recipes/building_blocks/deepslate_tiles_from_cobbled_deepslate_stonecutting": {
    "criteria": {
      "has_cobbled_deepslate": "2024-10-10 02:18:44 +0000"
    },
    "done": true
  },
  "securitycraft:recipes/securitycraft/reinforced_spruce_fence_gate": {
    "criteria": {
      "has_stick": "2024-10-10 02:46:15 +0000"
    },
    "done": true
  },
  "farmersdelight:recipes/farmersdelight/cooking/vegetable_noodles": {
    "criteria": {
      "has_any_ingredient": "2024-10-11 22:04:28 +0000"
    },
    "done": true
  },
  "vampirism:recipes/vampirism/vampire/altar_inspiration": {
    "criteria": {
      "has_iron": "2024-10-11 22:04:21 +0000"
    },
    "done": true
  },
  "minecraft:recipes/misc/brick": {
    "criteria": {
      "has_clay_ball": "2024-10-06 21:33:45 +0000"
    },
    "done": true
  },
  "minecraft:recipes/misc/creeper_banner_pattern": {
    "criteria": {
      "has_creeper_head": "2024-10-10 02:27:32 +0000"
    },
    "done": true
  },
  "incendium:technical/using/shield": {
    "criteria": {
      "log_spam_fixer": "2024-10-06 21:27:47 +0000"
    },
    "done": false
  },
  "occultism:occultism/root": {
    "criteria": {
      "occultism_present": "2024-10-10 02:15:27 +0000"
    },
    "done": true
  },
  "artifacts:chest_slayer": {
    "criteria": {
      "kill_mimic": "2024-10-10 02:21:31 +0000"
    },
    "done": true
  },
  "minecraft:recipes/combat/iron_helmet": {
    "criteria": {
      "has_iron_ingot": "2024-10-11 22:04:21 +0000"
    },
    "done": true
  },
  "minecraft:recipes/combat/bow": {
    "criteria": {
      "has_string": "2024-10-10 02:24:36 +0000"
    },
    "done": true
  },
  "securitycraft:recipes/securitycraft/security_camera": {
    "criteria": {
      "has_iron": "2024-10-11 22:04:21 +0000"
    },
    "done": true
  },
  "minecraft:recipes/redstone/tnt": {
    "criteria": {
      "has_gunpowder": "2024-10-10 02:23:36 +0000"
    },
    "done": true
  },
  "securitycraft:recipes/securitycraft/door_indestructible_iron_item": {
    "criteria": {
      "has_iron": "2024-10-11 22:04:21 +0000"
    },
    "done": true
  },
  "incendium:technical/using/trailblazer": {
    "criteria": {
      "log_spam_fixer": "2024-10-06 21:27:47 +0000"
    },
    "done": false
  },
  "grimoireofgaia:recipes/grimoireofgaia/quill": {
    "criteria": {
      "has_diamond": "2024-10-10 02:19:29 +0000"
    },
    "done": true
  },
  "minecraft:recipes/building_blocks/stone_stairs_from_stone_stonecutting": {
    "criteria": {
      "has_stone": "2024-10-11 21:59:29 +0000"
    },
    "done": true
  },
  "minecraft:recipes/building_blocks/andesite_stairs_from_andesite_stonecutting": {
    "criteria": {
      "has_andesite": "2024-10-10 02:50:49 +0000"
    },
    "done": true
  },
  "minecraft:recipes/decorations/iron_bars": {
    "criteria": {
      "has_iron_ingot": "2024-10-11 22:04:21 +0000"
    },
    "done": true
  },
  "securitycraft:recipes/securitycraft/reinforced_crimson_fence_gate": {
    "criteria": {
      "has_stick": "2024-10-10 02:46:15 +0000"
    },
    "done": true
  },
  "incendium:technical/scroll_of_returning": {
    "criteria": {
      "log_spam_fixer": "2024-10-06 21:27:47 +0000"
    },
    "done": false
  },
  "securitycraft:recipes/securitycraft/reinforced_dropper": {
    "criteria": {
      "has_redstone": "2024-10-10 02:18:48 +0000"
    },
    "done": true
  },
  "securitycraft:recipes/securitycraft/reinforced_birch_fence_gate": {
    "criteria": {
      "has_stick": "2024-10-10 02:46:15 +0000"
    },
    "done": true
  },
  "vampirism:recipes/vampirism/hunter/stake": {
    "criteria": {
      "has_sticks": "2024-10-10 02:46:15 +0000"
    },
    "done": true
  },
  "travelersbackpack:recipes/travelersbackpack/skeleton": {
    "criteria": {
      "has_arrow": "2024-10-06 21:34:52 +0000"
    },
    "done": true
  },
  "securitycraft:recipes/securitycraft/portable_radar": {
    "criteria": {
      "has_redstone": "2024-10-10 02:18:48 +0000"
    },
    "done": true
  },
  "minecraft:recipes/combat/diamond_chestplate": {
    "criteria": {
      "has_diamond": "2024-10-10 02:19:29 +0000"
    },
    "done": true
  },
  "minecraft:story/mine_stone": {
    "criteria": {
      "get_stone": "2024-10-06 21:31:32 +0000"
    },
    "done": true
  },
  "minecraft:recipes/redstone/target": {
    "criteria": {
      "has_redstone": "2024-10-10 02:18:48 +0000"
    },
    "done": true
  },
  "minecraft:recipes/decorations/furnace": {
    "criteria": {
      "has_cobblestone": "2024-10-06 21:31:32 +0000"
    },
    "done": true
  },
  "minecraft:recipes/transportation/minecart": {
    "criteria": {
      "has_iron_ingot": "2024-10-11 22:04:21 +0000"
    },
    "done": true
  },
  "minecraft:recipes/decorations/deepslate_brick_wall_from_cobbled_deepslate_stonecutting": {
    "criteria": {
      "has_cobbled_deepslate": "2024-10-10 02:18:44 +0000"
    },
    "done": true
  },
  "securitycraft:recipes/securitycraft/reinforced_acacia_fence_gate": {
    "criteria": {
      "has_stick": "2024-10-10 02:46:15 +0000"
    },
    "done": true
  },
  "vampirism:recipes/vampirism/vampire/blood_infused_iron_ingot": {
    "criteria": {
      "has_iron": "2024-10-11 22:04:21 +0000"
    },
    "done": true
  },
  "vampirism:recipes/vampirism/general/grave_cage": {
    "criteria": {
      "has_coal": "2024-10-06 21:33:05 +0000"
    },
    "done": true
  },
  "minecraft:recipes/combat/diamond_leggings": {
    "criteria": {
      "has_diamond": "2024-10-10 02:19:29 +0000"
    },
    "done": true
  },
  "securitycraft:recipes/securitycraft/reinforced_jungle_fence": {
    "criteria": {
      "has_stick": "2024-10-10 02:46:15 +0000"
    },
    "done": true
  },
  "minecraft:recipes/misc/charcoal": {
    "criteria": {
      "has_log": "2024-10-06 21:30:21 +0000"
    },
    "done": true
  },
  "minecraft:recipes/building_blocks/andesite_stairs": {
    "criteria": {
      "has_andesite": "2024-10-10 02:50:49 +0000"
    },
    "done": true
  },
  "minecraft:recipes/building_blocks/spruce_planks": {
    "criteria": {
      "has_logs": "2024-10-10 02:46:30 +0000"
    },
    "done": true
  },
  "minecraft:recipes/tools/wooden_pickaxe": {
    "criteria": {
      "has_stick": "2024-10-10 02:46:15 +0000"
    },
    "done": true
  },
  "minecraft:recipes/tools/iron_hoe": {
    "criteria": {
      "has_iron_ingot": "2024-10-11 22:04:21 +0000"
    },
    "done": true
  },
  "minecraft:recipes/building_blocks/cobblestone_slab_from_cobblestone_stonecutting": {
    "criteria": {
      "has_cobblestone": "2024-10-10 02:24:35 +0000"
    },
    "done": true
  },
  "minecraft:recipes/building_blocks/cobbled_deepslate_stairs": {
    "criteria": {
      "has_cobbled_deepslate": "2024-10-10 02:18:44 +0000"
    },
    "done": true
  },
  "minecraft:husbandry/root": {
    "criteria": {
      "consumed_item": "2024-10-06 21:30:49 +0000"
    },
    "done": true
  },
  "minecraft:recipes/redstone/redstone_torch": {
    "criteria": {
      "has_redstone": "2024-10-10 02:18:48 +0000"
    },
    "done": true
  },
  "minecraft:recipes/transportation/birch_boat": {
    "criteria": {
      "in_water": "2024-10-06 21:28:04 +0000"
    },
    "done": true
  },
  "securitycraft:recipes/securitycraft/sonic_security_system": {
    "criteria": {
      "has_stick": "2024-10-10 02:46:15 +0000"
    },
    "done": true
  },
  "minecraft:recipes/building_blocks/polished_andesite_slab_from_andesite_stonecutting": {
    "criteria": {
      "has_andesite": "2024-10-10 02:50:49 +0000"
    },
    "done": true
  },
  "tconstruct:recipes/tconstruct/smeltery/smeltery/seared/grout": {
    "criteria": {
      "has_item": "2024-10-06 21:33:45 +0000"
    },
    "done": true
  },
  "minecraft:recipes/building_blocks/cobbled_deepslate_stairs_from_cobbled_deepslate_stonecutting": {
    "criteria": {
      "has_cobbled_deepslate": "2024-10-10 02:18:44 +0000"
    },
    "done": true
  },
  "minecraft:recipes/building_blocks/polished_andesite_from_andesite_stonecutting": {
    "criteria": {
      "has_andesite": "2024-10-10 02:50:49 +0000"
    },
    "done": true
  },
  "minecraft:recipes/transportation/acacia_boat": {
    "criteria": {
      "in_water": "2024-10-06 21:28:04 +0000"
    },
    "done": true
  },
  "minecraft:recipes/misc/copper_ingot_from_blasting_raw_copper": {
    "criteria": {
      "has_raw_copper": "2024-10-10 02:51:10 +0000"
    },
    "done": true
  },
  "minecraft:recipes/tools/iron_shovel": {
    "criteria": {
      "has_iron_ingot": "2024-10-11 22:04:21 +0000"
    },
    "done": true
  },
  "minecraft:recipes/redstone/iron_trapdoor": {
    "criteria": {
      "has_iron_ingot": "2024-10-11 22:04:21 +0000"
    },
    "done": true
  },
  "farmersdelight:recipes/farmersdelight/cutting_board": {
    "criteria": {
      "has_stick": "2024-10-10 02:46:15 +0000"
    },
    "done": true
  },
  "incendium:technical/inventory/firestorm": {
    "criteria": {
      "log_spam_fixer": "2024-10-16 23:40:48 +0000"
    },
    "done": false
  },
  "minecraft:adventure/root": {
    "criteria": {
      "killed_something": "2024-10-06 21:32:27 +0000"
    },
    "done": true
  },
  "vampirism:recipes/vampirism/vampire/candelabra_candles": {
    "criteria": {
      "has_iron": "2024-10-11 22:04:21 +0000"
    },
    "done": true
  },
  "securitycraft:recipes/securitycraft/storage_module": {
    "criteria": {
      "has_iron": "2024-10-11 22:04:21 +0000"
    },
    "done": true
  },
  "farmersdelight:main/root": {
    "criteria": {
      "seeds": "2024-10-06 21:27:47 +0000"
    },
    "done": true
  },
  "minecraft:recipes/building_blocks/stone_brick_stairs_from_stone_stonecutting": {
    "criteria": {
      "has_stone": "2024-10-11 21:59:29 +0000"
    },
    "done": true
  },
  "minecraft:recipes/tools/stone_hoe": {
    "criteria": {
      "has_cobblestone": "2024-10-06 21:31:32 +0000"
    },
    "done": true
  },
  "minecraft:recipes/tools/clock": {
    "criteria": {
      "has_redstone": "2024-10-10 02:18:48 +0000"
    },
    "done": true
  },
  "minecraft:recipes/building_blocks/white_wool_from_string": {
    "criteria": {
      "has_string": "2024-10-10 02:24:36 +0000"
    },
    "done": true
  },
  "minecraft:recipes/tools/diamond_pickaxe": {
    "criteria": {
      "has_diamond": "2024-10-10 02:19:29 +0000"
    },
    "done": true
  },
  "minecraft:recipes/tools/diamond_hoe": {
    "criteria": {
      "has_diamond": "2024-10-10 02:19:29 +0000"
    },
    "done": true
  },
  "minecraft:adventure/kill_all_mobs": {
    "criteria": {
      "minecraft:skeleton": "2024-10-06 21:34:51 +0000",
      "minecraft:spider": "2024-10-10 02:44:51 +0000",
      "minecraft:creeper": "2024-10-10 02:23:34 +0000",
      "minecraft:cave_spider": "2024-10-10 02:23:58 +0000",
      "minecraft:zombie": "2024-10-10 02:19:50 +0000"
    },
    "done": false
  },
  "minecraft:recipes/tools/diamond_shovel": {
    "criteria": {
      "has_diamond": "2024-10-10 02:19:29 +0000"
    },
    "done": true
  },
  "vampirism:recipes/vampirism/hunter/hunter_table": {
    "criteria": {
      "has_fang": "2024-10-10 02:23:48 +0000"
    },
    "done": true
  },
  "incendium:technical/sentrys_wrath": {
    "criteria": {
      "log_spam_fixer": "2024-10-16 23:40:48 +0000"
    },
    "done": false
  },
  "vampirism:recipes/vampirism/hunter/item_med_chair": {
    "criteria": {
      "has_iron_ingot": "2024-10-11 22:04:21 +0000"
    },
    "done": true
  },
  "minecraft:recipes/building_blocks/polished_deepslate_from_cobbled_deepslate_stonecutting": {
    "criteria": {
      "has_cobbled_deepslate": "2024-10-10 02:18:44 +0000"
    },
    "done": true
  },
  "minecraft:recipes/redstone/redstone_block": {
    "criteria": {
      "has_redstone": "2024-10-10 02:18:48 +0000"
    },
    "done": true
  },
  "farmersdelight:recipes/farmersdelight/cooking_pot": {
    "criteria": {
      "has_iron_ingot": "2024-10-11 22:04:21 +0000"
    },
    "done": true
  },
  "farmersdelight:recipes/farmersdelight/cooking/dog_food": {
    "criteria": {
      "has_any_ingredient": "2024-10-10 02:19:52 +0000"
    },
    "done": true
  },
  "minecraft:recipes/building_blocks/deepslate": {
    "criteria": {
      "has_cobbled_deepslate": "2024-10-10 02:18:44 +0000"
    },
    "done": true
  },
  "farmersdelight:recipes/farmersdelight/mixed_salad": {
    "criteria": {
      "has_bowl": "2024-10-06 21:31:27 +0000"
    },
    "done": true
  },
  "travelersbackpack:recipes/travelersbackpack/diamond": {
    "criteria": {
      "has_diamond": "2024-10-10 02:19:29 +0000"
    },
    "done": true
  },
  "vampirism:recipes/brewing/vampire/blood_bottle_to_glass": {
    "criteria": {
      "has_blood_bottle": "2024-10-10 02:50:23 +0000"
    },
    "done": true
  },
  "minecraft:recipes/building_blocks/polished_deepslate_slab_from_cobbled_deepslate_stonecutting": {
    "criteria": {
      "has_cobbled_deepslate": "2024-10-10 02:18:44 +0000"
    },
    "done": true
  },
  "orcz:orczchallenge": {
    "criteria": {
      "orczchallenge": "2024-10-06 21:27:47 +0000"
    },
    "done": true
  },
  "minecraft:recipes/misc/gold_ingot_from_nuggets": {
    "criteria": {
      "has_gold_nugget": "2024-10-10 02:19:38 +0000"
    },
    "done": true
  },
  "minecraft:recipes/decorations/chain": {
    "criteria": {
      "has_iron_nugget": "2024-10-10 02:27:54 +0000"
    },
    "done": true
  },
  "minecraft:story/mine_diamond": {
    "criteria": {
      "diamond": "2024-10-10 02:19:29 +0000"
    },
    "done": true
  },
  "vampirism:recipes/vampirism/vampire/blood_infused_enhanced_iron_ingot": {
    "criteria": {
      "has_iron": "2024-10-11 22:04:21 +0000"
    },
    "done": true
  },
  "securitycraft:recipes/securitycraft/reinforced_warped_fence_gate": {
    "criteria": {
      "has_stick": "2024-10-10 02:46:15 +0000"
    },
    "done": true
  },
  "securitycraft:recipes/securitycraft/reinforced_dispenser": {
    "criteria": {
      "has_bow": "2024-10-10 02:23:35 +0000"
    },
    "done": true
  },
  "minecraft:recipes/combat/diamond_helmet": {
    "criteria": {
      "has_diamond": "2024-10-10 02:19:29 +0000"
    },
    "done": true
  },
  "minecraft:recipes/misc/blue_dye": {
    "criteria": {
      "has_lapis_lazuli": "2024-10-10 02:19:37 +0000"
    },
    "done": true
  },
  "tconstruct:recipes/tconstruct/general/common/iron_platform": {
    "criteria": {
      "has_bars": "2024-10-11 22:04:21 +0000"
    },
    "done": true
  },
  "tconstruct:tools/tool_smith": {
    "criteria": {
      "sword": "2024-10-10 02:46:03 +0000",
      "pickaxe": "2024-10-11 22:00:09 +0000",
      "hand_axe": "2024-10-10 02:45:58 +0000"
    },
    "done": false
  },
  "minecraft:recipes/transportation/oak_boat": {
    "criteria": {
      "in_water": "2024-10-06 21:28:04 +0000"
    },
    "done": true
  },
  "securitycraft:recipes/securitycraft/universal_block_modifier": {
    "criteria": {
      "has_redstone": "2024-10-10 02:18:48 +0000"
    },
    "done": true
  },
  "incendium:technical/on_inventory_change": {
    "criteria": {
      "log_spam_fixer": "2024-10-16 23:40:48 +0000"
    },
    "done": false
  },
  "securitycraft:recipes/securitycraft/reinforced_crimson_fence": {
    "criteria": {
      "has_stick": "2024-10-10 02:46:15 +0000"
    },
    "done": true
  },
  "securitycraft:recipes/securitycraft/claymore": {
    "criteria": {
      "has_redstone": "2024-10-10 02:18:48 +0000"
    },
    "done": true
  },
  "minecraft:recipes/building_blocks/raw_copper_block": {
    "criteria": {
      "has_raw_copper": "2024-10-10 02:51:10 +0000"
    },
    "done": true
  },
  "modonomicon:modonomicon/root": {
    "criteria": {
      "modonomicon_present": "2024-10-10 02:15:27 +0000"
    },
    "done": true
  },
  "minecraft:recipes/tools/wooden_axe": {
    "criteria": {
      "has_stick": "2024-10-10 02:46:15 +0000"
    },
    "done": true
  },
  "farmersdelight:main/master_chef": {
    "criteria": {
      "grilled_salmon": "2024-10-10 02:19:20 +0000",
      "roast_chicken": "2024-10-06 21:31:27 +0000"
    },
    "done": false
  },
  "grimoireofgaia:main/deathword": {
    "criteria": {
      "kill": "2024-10-10 02:27:54 +0000"
    },
    "done": true
  },
  "ecologics:recipes/ecologics/coconut_boat": {
    "criteria": {
      "in_water": "2024-10-06 21:28:04 +0000"
    },
    "done": true
  },
  "securitycraft:recipes/securitycraft/keycard_lv2": {
    "criteria": {
      "has_iron": "2024-10-11 22:04:21 +0000"
    },
    "done": true
  },
  "securitycraft:recipes/securitycraft/keycard_lv1": {
    "criteria": {
      "has_iron": "2024-10-11 22:04:21 +0000"
    },
    "done": true
  },
  "minecraft:recipes/building_blocks/stone_bricks_from_stone_stonecutting": {
    "criteria": {
      "has_stone": "2024-10-11 21:59:29 +0000"
    },
    "done": true
  },
  "travelersbackpack:recipes/travelersbackpack/lapis": {
    "criteria": {
      "has_lapis_lazuli": "2024-10-10 02:19:37 +0000"
    },
    "done": true
  },
  "minecraft:recipes/decorations/deepslate_tile_wall_from_cobbled_deepslate_stonecutting": {
    "criteria": {
      "has_cobbled_deepslate": "2024-10-10 02:18:44 +0000"
    },
    "done": true
  },
  "minecraft:recipes/decorations/loom": {
    "criteria": {
      "has_string": "2024-10-10 02:24:36 +0000"
    },
    "done": true
  },
  "minecraft:recipes/misc/iron_ingot_from_blasting_raw_iron": {
    "criteria": {
      "has_raw_iron": "2024-10-10 02:18:43 +0000"
    },
    "done": true
  },
  "securitycraft:recipes/securitycraft/bouncing_betty": {
    "criteria": {
      "has_iron": "2024-10-11 22:04:21 +0000"
    },
    "done": true
  },
  "farmersdelight:recipes/farmersdelight/cooking/fried_rice": {
    "criteria": {
      "has_any_ingredient": "2024-10-11 22:04:28 +0000"
    },
    "done": true
  },
  "minecraft:recipes/tools/diamond_axe": {
    "criteria": {
      "has_diamond": "2024-10-10 02:19:29 +0000"
    },
    "done": true
  },
  "travelersbackpack:recipes/travelersbackpack/diamond_tier_upgrade": {
    "criteria": {
      "has_diamond": "2024-10-10 02:19:29 +0000"
    },
    "done": true
  },
  "vampirism:recipes/vampirism/hunter/alchemical_cauldron": {
    "criteria": {
      "has_iron": "2024-10-11 22:04:21 +0000"
    },
    "done": true
  },
  "securitycraft:recipes/securitycraft/universal_key_changer": {
    "criteria": {
      "has_redstone": "2024-10-10 02:18:48 +0000"
    },
    "done": true
  },
  "vampirism:recipes/vampirism/vampire/garlic_finder": {
    "criteria": {
      "has_redstone": "2024-10-10 02:18:48 +0000"
    },
    "done": true
  },
  "minecraft:recipes/building_blocks/iron_block": {
    "criteria": {
      "has_iron_ingot": "2024-10-11 22:04:21 +0000"
    },
    "done": true
  },
  "incendium:technical/inventory/sentrys_wrath": {
    "criteria": {
      "log_spam_fixer": "2024-10-16 23:40:48 +0000"
    },
    "done": false
  },
  "tconstruct:recipes/tconstruct/gadgets/gadgets/frame/gold": {
    "criteria": {
      "has_item": "2024-10-10 02:19:38 +0000"
    },
    "done": true
  },
  "grimoireofgaia:main/ender_eye": {
    "criteria": {
      "kill": "2024-10-10 02:28:04 +0000"
    },
    "done": true
  },
  "securitycraft:recipes/securitycraft/sc_manual": {
    "criteria": {
      "has_wood": "2024-10-06 21:30:21 +0000"
    },
    "done": true
  },
  "securitycraft:recipes/securitycraft/keycard_lv4": {
    "criteria": {
      "has_iron": "2024-10-11 22:04:21 +0000"
    },
    "done": true
  },
  "securitycraft:recipes/securitycraft/keycard_lv3": {
    "criteria": {
      "has_iron": "2024-10-11 22:04:21 +0000"
    },
    "done": true
  },
  "minecraft:recipes/building_blocks/andesite_slab_from_andesite_stonecutting": {
    "criteria": {
      "has_andesite": "2024-10-10 02:50:49 +0000"
    },
    "done": true
  },
  "minecraft:recipes/building_blocks/stone_slab": {
    "criteria": {
      "has_stone": "2024-10-11 21:59:29 +0000"
    },
    "done": true
  },
  "securitycraft:recipes/securitycraft/keycard_lv5": {
    "criteria": {
      "has_iron": "2024-10-11 22:04:21 +0000"
    },
    "done": true
  },
  "minecraft:recipes/building_blocks/coal_block": {
    "criteria": {
      "has_coal": "2024-10-06 21:33:05 +0000"
    },
    "done": true
  },
  "minecraft:recipes/building_blocks/spruce_wood": {
    "criteria": {
      "has_log": "2024-10-10 02:46:30 +0000"
    },
    "done": true
  },
  "minecraft:recipes/building_blocks/clay": {
    "criteria": {
      "has_clay_ball": "2024-10-06 21:33:45 +0000"
    },
    "done": true
  },
  "securitycraft:recipes/securitycraft/reinforced_birch_fence": {
    "criteria": {
      "has_stick": "2024-10-10 02:46:15 +0000"
    },
    "done": true
  },
  "securitycraft:recipes/securitycraft/username_logger": {
    "criteria": {
      "has_redstone": "2024-10-10 02:18:48 +0000"
    },
    "done": true
  },
  "minecraft:recipes/tools/stone_shovel": {
    "criteria": {
      "has_cobblestone": "2024-10-06 21:31:32 +0000"
    },
    "done": true
  },
  "minecraft:recipes/combat/wooden_sword": {
    "criteria": {
      "has_stick": "2024-10-10 02:46:15 +0000"
    },
    "done": true
  },
  "vampirism:recipes/vampirism/hunter/crossbow_arrow_normal": {
    "criteria": {
      "has_iron_ingot": "2024-10-11 22:04:21 +0000"
    },
    "done": true
  },
  "minecraft:recipes/building_blocks/oak_planks": {
    "criteria": {
      "has_logs": "2024-10-06 21:31:51 +0000"
    },
    "done": true
  },
  "vampirism:recipes/vampirism/hunter/pure_blood3": {
    "criteria": {
      "has_pure_blood": "2024-10-10 02:49:56 +0000"
    },
    "done": true
  },
  "securitycraft:recipes/securitycraft/reinforced_jungle_fence_gate": {
    "criteria": {
      "has_stick": "2024-10-10 02:46:15 +0000"
    },
    "done": true
  },
  "farmersdelight:recipes/farmersdelight/cooking/bone_broth": {
    "criteria": {
      "has_bone": "2024-10-06 21:34:47 +0000"
    },
    "done": true
  },
  "securitycraft:recipes/securitycraft/cage_trap": {
    "criteria": {
      "has_redstone": "2024-10-10 02:18:48 +0000"
    },
    "done": true
  },
  "cataclysm:root": {
    "criteria": {
      "custom_test_name": "2024-10-06 21:27:47 +0000"
    },
    "done": true
  },
  "securitycraft:recipes/securitycraft/universal_block_reinforcer_lvl2": {
    "criteria": {
      "has_redstone": "2024-10-10 02:18:48 +0000"
    },
    "done": true
  },
  "securitycraft:recipes/securitycraft/reinforced_andesite": {
    "criteria": {
      "has_cobblestone": "2024-10-06 21:31:32 +0000"
    },
    "done": true
  },
  "securitycraft:recipes/securitycraft/universal_block_reinforcer_lvl1": {
    "criteria": {
      "has_redstone": "2024-10-10 02:18:48 +0000"
    },
    "done": true
  },
  "securitycraft:recipes/securitycraft/smart_module": {
    "criteria": {
      "has_iron": "2024-10-11 22:04:21 +0000"
    },
    "done": true
  },
  "securitycraft:recipes/securitycraft/universal_block_reinforcer_lvl3": {
    "criteria": {
      "has_redstone": "2024-10-10 02:18:48 +0000"
    },
    "done": true
  },
  "securitycraft:recipes/securitycraft/block_change_detector": {
    "criteria": {
      "has_iron": "2024-10-11 22:04:21 +0000"
    },
    "done": true
  },
  "minecraft:recipes/tools/iron_axe": {
    "criteria": {
      "has_iron_ingot": "2024-10-11 22:04:21 +0000"
    },
    "done": true
  },
  "securitycraft:recipes/securitycraft/floor_trap": {
    "criteria": {
      "has_iron": "2024-10-11 22:04:21 +0000"
    },
    "done": true
  },
  "minecraft:recipes/redstone/tripwire_hook": {
    "criteria": {
      "has_string": "2024-10-10 02:24:36 +0000"
    },
    "done": true
  },
  "vampirism:recipes/vampirism/vampire/candelabra": {
    "criteria": {
      "has_string": "2024-10-10 02:24:36 +0000"
    },
    "done": true
  },
  "securitycraft:recipes/securitycraft/reinforced_acacia_fence": {
    "criteria": {
      "has_stick": "2024-10-10 02:46:15 +0000"
    },
    "done": true
  },
  "minecraft:recipes/combat/iron_boots": {
    "criteria": {
      "has_iron_ingot": "2024-10-11 22:04:21 +0000"
    },
    "done": true
  },
  "minecraft:recipes/misc/bone_meal": {
    "criteria": {
      "has_bone": "2024-10-06 21:34:47 +0000"
    },
    "done": true
  },
  "minecraft:recipes/building_blocks/polished_deepslate_stairs_from_cobbled_deepslate_stonecutting": {
    "criteria": {
      "has_cobbled_deepslate": "2024-10-10 02:18:44 +0000"
    },
    "done": true
  },
  "tconstruct:tools/netherite_tier": {
    "criteria": {
      "harvest_level": "2024-10-10 02:45:45 +0000"
    },
    "done": true
  },
  "travelersbackpack:recipes/travelersbackpack/fox": {
    "criteria": {
      "has_sweet_berries": "2024-10-10 02:46:14 +0000"
    },
    "done": true
  },
  "securitycraft:recipes/securitycraft/laser_block": {
    "criteria": {
      "has_stone": "2024-10-06 21:31:32 +0000"
    },
    "done": true
  },
  "securitycraft:recipes/securitycraft/reinforced_piston": {
    "criteria": {
      "has_redstone": "2024-10-10 02:18:48 +0000"
    },
    "done": true
  },
  "minecraft:recipes/decorations/cartography_table": {
    "criteria": {
      "has_paper": "2024-10-10 02:27:54 +0000"
    },
    "done": true
  },
  "farmersdelight:recipes/farmersdelight/iron_knife": {
    "criteria": {
      "has_iron_ingot": "2024-10-11 22:04:21 +0000"
    },
    "done": true
  },
  "minecraft:recipes/building_blocks/oak_wood": {
    "criteria": {
      "has_log": "2024-10-06 21:31:51 +0000"
    },
    "done": true
  },
  "travelersbackpack:recipes/travelersbackpack/coal": {
    "criteria": {
      "has_coal": "2024-10-06 21:33:05 +0000"
    },
    "done": true
  },
  "minecraft:recipes/redstone/stone_button": {
    "criteria": {
      "has_stone": "2024-10-11 21:59:29 +0000"
    },
    "done": true
  },
  "minecraft:recipes/redstone/dropper": {
    "criteria": {
      "has_redstone": "2024-10-10 02:18:48 +0000"
    },
    "done": true
  },
  "minecraft:recipes/combat/crossbow": {
    "criteria": {
      "has_string": "2024-10-10 02:24:36 +0000"
    },
    "done": true
  },
  "minecraft:recipes/combat/iron_chestplate": {
    "criteria": {
      "has_iron_ingot": "2024-10-11 22:04:21 +0000"
    },
    "done": true
  },
  "minecraft:recipes/decorations/cobbled_deepslate_wall": {
    "criteria": {
      "has_cobbled_deepslate": "2024-10-10 02:18:44 +0000"
    },
    "done": true
  },
  "artifacts:amateur_archaeologist": {
    "criteria": {
      "find_artifact": "2024-10-10 02:21:32 +0000"
    },
    "done": true
  },
  "ecologics:recipes/ecologics/azalea_boat": {
    "criteria": {
      "in_water": "2024-10-06 21:28:04 +0000"
    },
    "done": true
  },
  "vampirism:recipes/vampirism/vampire/vampire_cloak_red_black": {
    "criteria": {
      "has_pure_blood": "2024-10-10 02:49:56 +0000"
    },
    "done": true
  },
  "travelersbackpack:recipes/travelersbackpack/hose_nozzle": {
    "criteria": {
      "has_iron": "2024-10-11 22:04:21 +0000"
    },
    "done": true
  },
  "travelersbackpack:recipes/travelersbackpack/backpack_tank": {
    "criteria": {
      "has_iron": "2024-10-11 22:04:21 +0000"
    },
    "done": true
  },
  "vampirism:recipes/vampirism/vampire/vampire_cloak_black_red": {
    "criteria": {
      "has_pure_blood": "2024-10-10 02:49:56 +0000"
    },
    "done": true
  },
  "securitycraft:recipes/securitycraft/portable_tune_player": {
    "criteria": {
      "has_redstone": "2024-10-10 02:18:48 +0000"
    },
    "done": true
  },
  "minecraft:recipes/decorations/polished_deepslate_wall_from_cobbled_deepslate_stonecutting": {
    "criteria": {
      "has_cobbled_deepslate": "2024-10-10 02:18:44 +0000"
    },
    "done": true
  },
  "securitycraft:recipes/securitycraft/reinforced_diorite": {
    "criteria": {
      "has_cobblestone": "2024-10-06 21:31:32 +0000"
    },
    "done": true
  },
  "securitycraft:recipes/securitycraft/trophy_system": {
    "criteria": {
      "has_iron": "2024-10-11 22:04:21 +0000"
    },
    "done": true
  },
  "minecraft:recipes/tools/compass": {
    "criteria": {
      "has_redstone": "2024-10-10 02:18:48 +0000"
    },
    "done": true
  },
  "minecraft:adventure/kill_a_mob": {
    "criteria": {
      "minecraft:skeleton": "2024-10-06 21:34:51 +0000"
    },
    "done": true
  },
  "vampirism:recipes/vampirism/vampire/altar_tip": {
    "criteria": {
      "has_iron": "2024-10-11 22:04:21 +0000"
    },
    "done": true
  },
  "securitycraft:recipes/securitycraft/camera_monitor": {
    "criteria": {
      "has_iron": "2024-10-11 22:04:21 +0000"
    },
    "done": true
  },
  "incendium:technical/multiplex_crossbow": {
    "criteria": {
      "log_spam_fixer": "2024-10-16 23:40:48 +0000"
    },
    "done": false
  },
  "vampirism:recipes/vampirism/vampire/blood_container": {
    "criteria": {
      "has_iron": "2024-10-11 22:04:21 +0000"
    },
    "done": true
  },
  "securitycraft:recipes/securitycraft/limited_use_keycard": {
    "criteria": {
      "has_iron": "2024-10-11 22:04:21 +0000"
    },
    "done": true
  },
  "byg:root": {
    "criteria": {
      "tick": "2024-10-06 21:27:47 +0000"
    },
    "done": true
  },
  "farmersdelight:recipes/farmersdelight/flint_knife": {
    "criteria": {
      "has_stick": "2024-10-10 02:46:15 +0000"
    },
    "done": true
  },
  "minecraft:recipes/building_blocks/stone": {
    "criteria": {
      "has_cobblestone": "2024-10-10 02:24:35 +0000"
    },
    "done": true
  },
  "minecraft:recipes/building_blocks/polished_andesite": {
    "criteria": {
      "has_andesite": "2024-10-10 02:50:49 +0000"
    },
    "done": true
  },
  "incendium:technical/firestorm": {
    "criteria": {
      "log_spam_fixer": "2024-10-16 23:40:48 +0000"
    },
    "done": false
  },
  "minecraft:recipes/building_blocks/deepslate_bricks_from_cobbled_deepslate_stonecutting": {
    "criteria": {
      "has_cobbled_deepslate": "2024-10-10 02:18:44 +0000"
    },
    "done": true
  },
  "minecraft:recipes/decorations/stonecutter": {
    "criteria": {
      "has_stone": "2024-10-11 21:59:29 +0000"
    },
    "done": true
  },
  "minecraft:adventure/adventuring_time": {
    "criteria": {
      "minecraft:old_growth_pine_taiga": "2024-10-10 02:28:18 +0000",
      "minecraft:birch_forest": "2024-10-06 21:29:23 +0000",
      "minecraft:dark_forest": "2024-10-06 20:35:46 +0000",
      "minecraft:river": "2024-10-06 21:04:01 +0000",
      "minecraft:lush_caves": "2024-10-06 21:33:14 +0000",
      "minecraft:old_growth_spruce_taiga": "2024-10-06 21:33:08 +0000",
      "minecraft:old_growth_birch_forest": "2024-10-06 21:29:04 +0000"
    },
    "done": false
  },
  "byg:husbandry/root": {
    "criteria": {
      "consumed_item": "2024-10-06 21:30:49 +0000"
    },
    "done": true
  },
  "minecraft:recipes/building_blocks/deepslate_brick_stairs_from_cobbled_deepslate_stonecutting": {
    "criteria": {
      "has_cobbled_deepslate": "2024-10-10 02:18:44 +0000"
    },
    "done": true
  },
  "minecraft:recipes/redstone/iron_door": {
    "criteria": {
      "has_iron_ingot": "2024-10-11 22:04:21 +0000"
    },
    "done": true
  },
  "minecraft:recipes/misc/book": {
    "criteria": {
      "has_paper": "2024-10-10 02:27:54 +0000"
    },
    "done": true
  },
  "incendium:technical/using/ragnarok": {
    "criteria": {
      "log_spam_fixer": "2024-10-06 21:27:47 +0000"
    },
    "done": false
  },
  "minecraft:recipes/misc/copper_ingot_from_smelting_raw_copper": {
    "criteria": {
      "has_raw_copper": "2024-10-10 02:51:10 +0000"
    },
    "done": true
  },
  "securitycraft:recipes/securitycraft/whitelist_module": {
    "criteria": {
      "has_iron": "2024-10-11 22:04:21 +0000"
    },
    "done": true
  },
  "farmersdelight:recipes/farmersdelight/nether_salad": {
    "criteria": {
      "has_bowl": "2024-10-06 21:31:27 +0000"
    },
    "done": true
  },
  "minecraft:recipes/combat/stone_sword": {
    "criteria": {
      "has_cobblestone": "2024-10-06 21:31:32 +0000"
    },
    "done": true
  },
  "minecraft:recipes/decorations/cobblestone_wall": {
    "criteria": {
      "has_cobblestone": "2024-10-10 02:24:35 +0000"
    },
    "done": true
  },
  "securitycraft:recipes/securitycraft/reinforced_warped_fence": {
    "criteria": {
      "has_stick": "2024-10-10 02:46:15 +0000"
    },
    "done": true
  },
  "incendium:technical/new_player": {
    "criteria": {
      "requirement": "2024-10-06 21:27:47 +0000"
    },
    "done": true
  },
  "minecraft:recipes/misc/iron_ingot_from_smelting_raw_iron": {
    "criteria": {
      "has_raw_iron": "2024-10-10 02:18:43 +0000"
    },
    "done": true
  },
  "minecraft:recipes/brewing/fermented_spider_eye": {
    "criteria": {
      "has_spider_eye": "2024-10-10 02:24:38 +0000"
    },
    "done": true
  },
  "minecraft:recipes/tools/stone_pickaxe": {
    "criteria": {
      "has_cobblestone": "2024-10-06 21:31:32 +0000"
    },
    "done": true
  },
  "travelersbackpack:recipes/travelersbackpack/iron": {
    "criteria": {
      "has_iron_ingot": "2024-10-11 22:04:21 +0000"
    },
    "done": true
  },
  "minecraft:recipes/misc/iron_ingot_from_nuggets": {
    "criteria": {
      "has_iron_nugget": "2024-10-10 02:27:54 +0000"
    },
    "done": true
  },
  "minecraft:recipes/decorations/smithing_table": {
    "criteria": {
      "has_iron_ingot": "2024-10-11 22:04:21 +0000"
    },
    "done": true
  },
  "incendium:technical/holy_wrath": {
    "criteria": {
      "log_spam_fixer": "2024-10-16 23:40:48 +0000"
    },
    "done": false
  },
  "minecraft:recipes/building_blocks/deepslate_brick_slab_from_cobbled_deepslate_stonecutting": {
    "criteria": {
      "has_cobbled_deepslate": "2024-10-10 02:18:44 +0000"
    },
    "done": true
  },
  "farmersdelight:recipes/farmersdelight/diamond_knife": {
    "criteria": {
      "has_diamond": "2024-10-10 02:19:29 +0000"
    },
    "done": true
  },
  "tconstruct:smeltery/tool_forge": {
    "criteria": {
      "broad_axe": "2024-10-10 02:46:11 +0000",
      "sledge_hammer": "2024-10-10 02:45:45 +0000"
    },
    "done": false
  },
  "minecraft:recipes/redstone/stone_pressure_plate": {
    "criteria": {
      "has_stone": "2024-10-11 21:59:29 +0000"
    },
    "done": true
  },
  "securitycraft:recipes/securitycraft/motion_activated_light": {
    "criteria": {
      "has_stick": "2024-10-10 02:46:15 +0000"
    },
    "done": true
  },
  "minecraft:recipes/transportation/jungle_boat": {
    "criteria": {
      "in_water": "2024-10-06 21:28:04 +0000"
    },
    "done": true
  },
  "minecraft:recipes/decorations/cobblestone_wall_from_cobblestone_stonecutting": {
    "criteria": {
      "has_cobblestone": "2024-10-10 02:24:35 +0000"
    },
    "done": true
  },
  "minecraft:adventure/shoot_arrow": {
    "criteria": {
      "shot_arrow": "2024-10-10 02:27:07 +0000"
    },
    "done": true
  },
  "minecraft:nether/netherite_armor": {
    "criteria": {
      "netherite_armor": "2024-10-06 21:30:36 +0000"
    },
    "done": true
  },
  "tconstruct:recipes/tconstruct/gadgets/gadgets/frame/diamond": {
    "criteria": {
      "has_item": "2024-10-10 02:19:29 +0000"
    },
    "done": true
  },
  "travelersbackpack:recipes/travelersbackpack/enderman": {
    "criteria": {
      "has_ender_pearl": "2024-10-10 02:28:04 +0000"
    },
    "done": true
  },
  "minecraft:recipes/decorations/stone_brick_walls_from_stone_stonecutting": {
    "criteria": {
      "has_stone": "2024-10-11 21:59:29 +0000"
    },
    "done": true
  },
  "securitycraft:recipes/securitycraft/mine": {
    "criteria": {
      "has_iron": "2024-10-11 22:04:21 +0000"
    },
    "done": true
  },
  "tconstruct:recipes/tconstruct/general/tables/pattern": {
    "criteria": {
      "has_item": "2024-10-10 02:46:15 +0000"
    },
    "done": true
  },
  "minecraft:recipes/building_blocks/diamond_block": {
    "criteria": {
      "has_diamond": "2024-10-10 02:19:29 +0000"
    },
    "done": true
  },
  "incendium:technical/on_kill": {
    "criteria": {
      "log_spam_fixer": "2024-10-16 23:40:48 +0000"
    },
    "done": false
  },
  "minecraft:recipes/redstone/heavy_weighted_pressure_plate": {
    "criteria": {
      "has_iron_ingot": "2024-10-11 22:04:21 +0000"
    },
    "done": true
  },
  "minecraft:recipes/transportation/dark_oak_boat": {
    "criteria": {
      "in_water": "2024-10-06 21:28:04 +0000"
    },
    "done": true
  },
  "minecraft:recipes/transportation/carrot_on_a_stick": {
    "criteria": {
      "has_carrot": "2024-10-11 22:04:28 +0000"
    },
    "done": true
  },
  "minecraft:recipes/decorations/andesite_wall_from_andesite_stonecutting": {
    "criteria": {
      "has_andesite": "2024-10-10 02:50:49 +0000"
    },
    "done": true
  },
  "incendium:technical/on_player_hurt": {
    "criteria": {
      "log_spam_fixer": "2024-10-16 23:40:48 +0000"
    },
    "done": false
  },
  "tconstruct:tools/tinker_tool": {
    "criteria": {
      "crafted_tool": "2024-10-10 02:45:45 +0000"
    },
    "done": true
  },
  "minecraft:recipes/building_blocks/lapis_block": {
    "criteria": {
      "has_lapis_lazuli": "2024-10-10 02:19:37 +0000"
    },
    "done": true
  },
  "vampirism:vampire/become_vampire": {
    "criteria": {
      "main": "2024-10-10 02:46:20 +0000"
    },
    "done": true
  },
  "dungeons_arise:wda_root": {
    "criteria": {
      "WDA": "2024-10-06 21:27:47 +0000"
    },
    "done": true
  },
  "vampirism:recipes/vampirism/hunter/garlic_diffuser_normal": {
    "criteria": {
      "has_diamond": "2024-10-10 02:19:29 +0000"
    },
    "done": true
  },
  "vampirism:recipes/vampirism/vampire/chandelier": {
    "criteria": {
      "has_string": "2024-10-10 02:24:36 +0000"
    },
    "done": true
  },
  "grimoireofgaia:main/root": {
    "criteria": {
      "join": "2024-10-06 21:27:47 +0000"
    },
    "done": true
  },
  "minecraft:recipes/redstone/piston": {
    "criteria": {
      "has_redstone": "2024-10-10 02:18:48 +0000"
    },
    "done": true
  },
  "securitycraft:recipes/securitycraft/briefcase": {
    "criteria": {
      "has_iron": "2024-10-11 22:04:21 +0000"
    },
    "done": true
  },
  "minecraft:recipes/decorations/lantern": {
    "criteria": {
      "has_iron_nugget": "2024-10-10 02:27:54 +0000"
    },
    "done": true
  },
  "tconstruct:tools/material_master": {
    "criteria": {
      "manyullyn": "2024-10-10 02:45:45 +0000",
      "hepatizon": "2024-10-10 02:46:11 +0000"
    },
    "done": false
  },
  "securitycraft:recipes/securitycraft/reinforced_oak_fence_gate": {
    "criteria": {
      "has_stick": "2024-10-10 02:46:15 +0000"
    },
    "done": true
  },
  "farmersdelight:main/eat_nourishing_food": {
    "criteria": {
      "nourishment": "2024-10-06 21:31:27 +0000"
    },
    "done": true
  },
  "minecraft:recipes/building_blocks/stone_stairs": {
    "criteria": {
      "has_stone": "2024-10-11 21:59:29 +0000"
    },
    "done": true
  },
  "industrialforegoing:recipes/industrialforegoing_core/dryrubber": {
    "criteria": {
      "has_item": "2024-10-06 21:27:47 +0000"
    },
    "done": true
  },
  "vampirism:recipes/vampirism/vampire/vampire_cloak_white_black": {
    "criteria": {
      "has_pure_blood": "2024-10-10 02:49:56 +0000"
    },
    "done": true
  },
  "minecraft:recipes/combat/diamond_boots": {
    "criteria": {
      "has_diamond": "2024-10-10 02:19:29 +0000"
    },
    "done": true
  },
  "vampirism:recipes/vampirism/hunter/weapon_table": {
    "criteria": {
      "has_iron_ingot": "2024-10-11 22:04:21 +0000"
    },
    "done": true
  },
  "minecraft:recipes/building_blocks/cobbled_deepslate_slab_from_cobbled_deepslate_stonecutting": {
    "criteria": {
      "has_cobbled_deepslate": "2024-10-10 02:18:44 +0000"
    },
    "done": true
  },
  "securitycraft:recipes/securitycraft/reinforced_fence_gate": {
    "criteria": {
      "has_iron": "2024-10-11 22:04:21 +0000"
    },
    "done": true
  },
  "minecraft:recipes/decorations/andesite_wall": {
    "criteria": {
      "has_andesite": "2024-10-10 02:50:49 +0000"
    },
    "done": true
  },
  "minecraft:recipes/building_blocks/andesite_slab": {
    "criteria": {
      "has_andesite": "2024-10-10 02:50:49 +0000"
    },
    "done": true
  },
  "byg:biomepedia_gift": {
    "criteria": {
      "tick": "2024-10-06 21:27:47 +0000"
    },
    "done": true
  },
  "minecraft:recipes/decorations/soul_campfire": {
    "criteria": {
      "has_stick": "2024-10-10 02:46:15 +0000"
    },
    "done": true
  },
  "minecraft:story/smelt_iron": {
    "criteria": {
      "iron": "2024-10-11 22:04:21 +0000"
    },
    "done": true
  },
  "securitycraft:recipes/securitycraft/alarm": {
    "criteria": {
      "has_redstone": "2024-10-10 02:18:48 +0000"
    },
    "done": true
  },
  "vampirism:recipes/vampirism/general/tombstone2": {
    "criteria": {
      "has_coble": "2024-10-10 02:24:35 +0000"
    },
    "done": true
  },
  "minecraft:recipes/tools/stone_axe": {
    "criteria": {
      "has_cobblestone": "2024-10-06 21:31:32 +0000"
    },
    "done": true
  },
  "minecraft:recipes/building_blocks/raw_iron_block": {
    "criteria": {
      "has_raw_iron": "2024-10-10 02:18:43 +0000"
    },
    "done": true
  },
  "securitycraft:recipes/securitycraft/disguise_module": {
    "criteria": {
      "has_iron": "2024-10-11 22:04:21 +0000"
    },
    "done": true
  },
  "vampirism:recipes/vampirism/vampire/vampire_cloak_black_blue": {
    "criteria": {
      "has_pure_blood": "2024-10-10 02:49:56 +0000"
    },
    "done": true
  },
  "securitycraft:recipes/securitycraft/reinforced_dark_oak_fence": {
    "criteria": {
      "has_stick": "2024-10-10 02:46:15 +0000"
    },
    "done": true
  },
  "DataVersion": 2975
}